{
 "description": "项目配置文件。",
 "setting": {
  "urlCheck": true,
  "es6": false,
  "postcss": true,
  "minified": false,
  "newFeature": false
 },
 "compileType": "game",
 "libVersion": "game",
 "appid": "1109939160",
 "projectname": "jump",
 "condition": {
  "search": {
   "current": -1,
   "list": []
  },
  "conversation": {
   "current": -1,
   "list": []
  },
  "game": {
   "currentL": -1,
   "list": [],
   "current": -1
  },
  "miniprogram": {
   "current": -1,
   "list": []
  }
 }
}