{"__type__":"dragonBones.DragonBonesAsset","_name":"base_f_majiang_TX_TYT_1_ske","_dragonBonesJson":"{\"frameRate\":60,\"name\":\"base_f_majiang_TX_TYT_1\",\"version\":\"5.5\",\"compatibleVersion\":\"5.5\",\"armature\":[{\"type\":\"Armature\",\"frameRate\":60,\"name\":\"armatureName\",\"aabb\":{\"x\":-156.31,\"y\":-133.11,\"width\":300.12,\"height\":344.32},\"bone\":[{\"inheritScale\":false,\"name\":\"zhu\",\"transform\":{\"x\":7.4026,\"y\":198.8665}},{\"inheritScale\":false,\"length\":48,\"name\":\"shu01\",\"parent\":\"zhu\",\"transform\":{\"x\":-27.619,\"y\":6.6667,\"skX\":-90,\"skY\":-90}},{\"inheritScale\":false,\"length\":38,\"name\":\"cao04\",\"parent\":\"zhu\",\"transform\":{\"x\":120.384,\"y\":-57.6678,\"skX\":-96.4935,\"skY\":-96.4935}},{\"inheritScale\":false,\"length\":38,\"name\":\"cao04_Copy95\",\"parent\":\"zhu\",\"transform\":{\"x\":-81.9686,\"y\":-246.491,\"skX\":-96.4935,\"skY\":-96.4935}},{\"inheritScale\":false,\"length\":41,\"name\":\"cao03\",\"parent\":\"zhu\",\"transform\":{\"x\":62.8304,\"y\":-22.775,\"skX\":-87.8307,\"skY\":-87.8307}},{\"inheritScale\":false,\"length\":41,\"name\":\"cao03_Copy96\",\"parent\":\"zhu\",\"transform\":{\"x\":-108.9341,\"y\":-230.4217,\"skX\":-87.8307,\"skY\":-87.8307}},{\"inheritScale\":false,\"length\":42,\"name\":\"cao02\",\"parent\":\"zhu\",\"transform\":{\"x\":-59.0476,\"y\":-12.3809,\"skX\":-88.7127,\"skY\":-88.7127}},{\"inheritScale\":false,\"length\":42,\"name\":\"cao02_Copy98\",\"parent\":\"zhu\",\"transform\":{\"x\":50.7215,\"y\":-256.5985,\"skX\":-88.7127,\"skY\":-88.7127}},{\"inheritScale\":false,\"length\":19,\"name\":\"hua01\",\"parent\":\"zhu\",\"transform\":{\"x\":73.5957,\"y\":-51.3838,\"skX\":-98.6525,\"skY\":-98.6525,\"scX\":0.6,\"scY\":0.6}},{\"inheritScale\":false,\"length\":19,\"name\":\"hua01_Copy97\",\"parent\":\"zhu\",\"transform\":{\"x\":-82.8041,\"y\":-261.3837,\"skX\":-98.6525,\"skY\":-98.6525,\"scX\":0.6,\"scY\":0.6}},{\"inheritScale\":false,\"length\":51,\"name\":\"cao01\",\"parent\":\"zhu\",\"transform\":{\"x\":-117.7679,\"y\":-45.7393,\"skX\":-90.3452,\"skY\":-90.3452}},{\"inheritScale\":false,\"length\":46,\"name\":\"shu02\",\"parent\":\"zhu\",\"transform\":{\"x\":-21.377,\"y\":-23.5494,\"skX\":-49.1665,\"skY\":-49.1665}},{\"inheritScale\":false,\"length\":27,\"name\":\"yezi_Copy41_Copy44_Copy45\",\"parent\":\"shu02\",\"transform\":{\"x\":53.1457,\"y\":12.2277,\"skX\":22.9177,\"skY\":22.9177}},{\"inheritScale\":false,\"length\":27,\"name\":\"yezi_Copy41_Copy44\",\"parent\":\"shu02\",\"transform\":{\"x\":81.8846,\"y\":-20.7902,\"skX\":66.9177,\"skY\":66.9177}},{\"inheritScale\":false,\"length\":27,\"name\":\"yezi_Copy41\",\"parent\":\"shu01\",\"transform\":{\"x\":68.7952,\"y\":-22.9598,\"skX\":63.7512,\"skY\":63.7512}},{\"inheritScale\":false,\"length\":21,\"name\":\"hua03\",\"parent\":\"shu02\",\"transform\":{\"x\":111.649,\"y\":-42.2632,\"skX\":-44.2,\"skY\":-44.2}},{\"inheritScale\":false,\"length\":21,\"name\":\"hua02\",\"parent\":\"shu01\",\"transform\":{\"x\":150.1372,\"y\":-113.5399,\"skX\":-3.3019,\"skY\":-3.3019}},{\"inheritScale\":false,\"length\":27,\"name\":\"yezi\",\"parent\":\"shu01\",\"transform\":{\"x\":142.4316,\"y\":-98.8688,\"skX\":57.7512,\"skY\":57.7512}},{\"inheritScale\":false,\"length\":27,\"name\":\"yezi_Copy43\",\"parent\":\"shu01\",\"transform\":{\"x\":121.977,\"y\":11.5857,\"skX\":105.7512,\"skY\":105.7512}},{\"inheritScale\":false,\"length\":19,\"name\":\"hua01_Copy39\",\"parent\":\"shu01\",\"transform\":{\"x\":136.5121,\"y\":-48.4007,\"skX\":-8.6525,\"skY\":-8.6525,\"scX\":0.9,\"scY\":0.9}},{\"inheritScale\":false,\"length\":19,\"name\":\"hua01_Copy39_Copy40\",\"parent\":\"shu01\",\"transform\":{\"x\":67.6659,\"y\":-34.9391,\"skX\":-8.6525,\"skY\":-8.6525,\"scX\":0.8,\"scY\":0.8}},{\"inheritScale\":false,\"length\":27,\"name\":\"yezi_Copy42\",\"parent\":\"shu01\",\"transform\":{\"x\":121.5225,\"y\":-38.4143,\"skX\":131.7512,\"skY\":131.7512}}],\"slot\":[{\"name\":\"shu02\",\"parent\":\"shu02\"},{\"name\":\"shu01\",\"parent\":\"shu01\"},{\"name\":\"cao04\",\"parent\":\"cao04\"},{\"name\":\"cao04_Copy95\",\"parent\":\"cao04_Copy95\"},{\"name\":\"cao03\",\"parent\":\"cao03\"},{\"name\":\"cao03_Copy96\",\"parent\":\"cao03_Copy96\"},{\"name\":\"cao02\",\"parent\":\"cao02\"},{\"name\":\"cao02_Copy98\",\"parent\":\"cao02_Copy98\"},{\"name\":\"cao01\",\"parent\":\"cao01\"},{\"name\":\"yezi\",\"parent\":\"yezi\"},{\"name\":\"yezi_Copy43\",\"parent\":\"yezi_Copy43\"},{\"name\":\"yezi_Copy42\",\"parent\":\"yezi_Copy42\"},{\"name\":\"yezi_Copy41\",\"parent\":\"yezi_Copy41\"},{\"name\":\"yezi_Copy41_Copy44\",\"parent\":\"yezi_Copy41_Copy44\"},{\"name\":\"yezi_Copy41_Copy44_Copy45\",\"parent\":\"yezi_Copy41_Copy44_Copy45\"},{\"name\":\"hua03\",\"parent\":\"hua03\"},{\"name\":\"hua02\",\"parent\":\"hua02\"},{\"name\":\"hua01\",\"parent\":\"hua01\"},{\"name\":\"hua01_Copy97\",\"parent\":\"hua01_Copy97\"},{\"name\":\"hua01_Copy39\",\"parent\":\"hua01_Copy39\"},{\"name\":\"hua01_Copy39_Copy40\",\"parent\":\"hua01_Copy39_Copy40\"},{\"displayIndex\":-1,\"name\":\"zhu\",\"parent\":\"zhu\"}],\"skin\":[{\"slot\":[{\"name\":\"cao04_Copy95\",\"display\":[{\"name\":\"base_f_majiang_cao01_TX_TYT\",\"transform\":{\"x\":38.45,\"y\":6.93,\"skX\":96.49,\"skY\":96.49}}]},{\"name\":\"yezi_Copy41\",\"display\":[{\"name\":\"base_f_majiang_ye01_TX_TYT\",\"transform\":{\"x\":8.35,\"y\":0.51,\"skX\":-15.75,\"skY\":-15.75}}]},{\"name\":\"cao03_Copy96\",\"display\":[{\"name\":\"base_f_majiang_cao04_TX_TYT\",\"transform\":{\"x\":9.79,\"y\":-0.65,\"skX\":87.83,\"skY\":87.83}}]},{\"name\":\"yezi_Copy41_Copy44_Copy45\",\"display\":[{\"name\":\"base_f_majiang_ye01_TX_TYT\",\"transform\":{\"x\":8.35,\"y\":0.51,\"skX\":-15.75,\"skY\":-15.75}}]},{\"name\":\"hua01_Copy39\",\"display\":[{\"name\":\"base_f_majiang_hua01_TX_TYT\",\"transform\":{\"x\":0.39,\"y\":2.3,\"skX\":98.65,\"skY\":98.65}}]},{\"name\":\"hua02\",\"display\":[{\"name\":\"base_f_majiang_hua02_TX_TYT\",\"transform\":{\"x\":0.47,\"y\":2.01,\"skX\":93.3,\"skY\":93.3}}]},{\"name\":\"hua01_Copy39_Copy40\",\"display\":[{\"name\":\"base_f_majiang_hua01_TX_TYT\",\"transform\":{\"x\":0.39,\"y\":2.3,\"skX\":98.65,\"skY\":98.65}}]},{\"name\":\"yezi\",\"display\":[{\"name\":\"base_f_majiang_ye01_TX_TYT\",\"transform\":{\"x\":8.35,\"y\":0.51,\"skX\":-15.75,\"skY\":-15.75}}]},{\"name\":\"shu01\",\"display\":[{\"name\":\"base_f_majiang_shu01_TX_TYT\",\"transform\":{\"x\":88.32,\"y\":-27.59,\"skX\":90,\"skY\":90}}]},{\"name\":\"hua01_Copy97\",\"display\":[{\"name\":\"base_f_majiang_hua01_TX_TYT\",\"transform\":{\"x\":0.39,\"y\":2.3,\"skX\":98.65,\"skY\":98.65}}]},{\"name\":\"yezi_Copy42\",\"display\":[{\"name\":\"base_f_majiang_ye01_TX_TYT\",\"transform\":{\"x\":8.35,\"y\":0.51,\"skX\":-15.75,\"skY\":-15.75}}]},{\"name\":\"cao03\",\"display\":[{\"name\":\"base_f_majiang_cao04_TX_TYT\",\"transform\":{\"x\":9.79,\"y\":-0.65,\"skX\":87.83,\"skY\":87.83}}]},{\"name\":\"yezi_Copy41_Copy44\",\"display\":[{\"name\":\"base_f_majiang_ye01_TX_TYT\",\"transform\":{\"x\":8.35,\"y\":0.51,\"skX\":-15.75,\"skY\":-15.75}}]},{\"name\":\"cao02\",\"display\":[{\"name\":\"base_f_majiang_cao03_TX_TYT\",\"transform\":{\"x\":7.94,\"y\":23.08,\"skX\":92.71,\"skY\":92.71}}]},{\"name\":\"hua03\",\"display\":[{\"name\":\"base_f_majiang_hua03_TX_TYT\",\"transform\":{\"x\":13.3,\"y\":-4.06,\"skX\":93.37,\"skY\":93.37}}]},{\"name\":\"cao02_Copy98\",\"display\":[{\"name\":\"base_f_majiang_cao03_TX_TYT\",\"transform\":{\"x\":7.94,\"y\":23.08,\"skX\":92.71,\"skY\":92.71}}]},{\"name\":\"cao01\",\"display\":[{\"name\":\"base_f_majiang_cao02_TX_TYT\",\"transform\":{\"x\":28.14,\"y\":-7.7,\"skX\":84.35,\"skY\":84.35}}]},{\"name\":\"shu02\",\"display\":[{\"name\":\"base_f_majiang_shu02_TX_TYT\",\"transform\":{\"x\":57.79,\"y\":-13.14,\"skX\":49.17,\"skY\":49.17}}]},{\"name\":\"hua01\",\"display\":[{\"name\":\"base_f_majiang_hua01_TX_TYT\",\"transform\":{\"x\":0.39,\"y\":2.3,\"skX\":98.65,\"skY\":98.65}}]},{\"name\":\"yezi_Copy43\",\"display\":[{\"name\":\"base_f_majiang_ye01_TX_TYT\",\"transform\":{\"x\":8.35,\"y\":0.51,\"skX\":-15.75,\"skY\":-15.75}}]},{\"name\":\"cao04\",\"display\":[{\"name\":\"base_f_majiang_cao01_TX_TYT\",\"transform\":{\"x\":38.45,\"y\":6.93,\"skX\":96.49,\"skY\":96.49}}]}]}],\"animation\":[{\"duration\":153,\"name\":\"Animation1\",\"bone\":[{\"name\":\"hua01_Copy39_Copy40\",\"scaleFrame\":[{\"duration\":26,\"tweenEasing\":0,\"x\":0.13,\"y\":0.13},{\"duration\":10,\"tweenEasing\":0,\"x\":0.13,\"y\":0.13},{\"duration\":7,\"tweenEasing\":0,\"x\":1.25,\"y\":1.25},{\"duration\":110}]},{\"name\":\"hua01_Copy39\",\"scaleFrame\":[{\"duration\":41,\"tweenEasing\":0,\"x\":0.22,\"y\":0.22},{\"duration\":10,\"tweenEasing\":0,\"x\":0.22,\"y\":0.22},{\"duration\":7,\"tweenEasing\":0,\"x\":1.22,\"y\":1.22},{\"duration\":95}]},{\"name\":\"hua01_Copy97\",\"scaleFrame\":[{\"duration\":17,\"tweenEasing\":0,\"x\":-0.17,\"y\":-0.17},{\"duration\":10,\"tweenEasing\":0,\"x\":-0.17,\"y\":-0.17},{\"duration\":7,\"tweenEasing\":0,\"x\":1.33,\"y\":1.33},{\"duration\":119}]},{\"name\":\"hua01\",\"scaleFrame\":[{\"duration\":17,\"tweenEasing\":0,\"x\":-0.17,\"y\":-0.17},{\"duration\":10,\"tweenEasing\":0,\"x\":-0.17,\"y\":-0.17},{\"duration\":7,\"tweenEasing\":0,\"x\":1.33,\"y\":1.33},{\"duration\":119}]},{\"name\":\"hua02\",\"scaleFrame\":[{\"duration\":48,\"tweenEasing\":0,\"x\":0.3,\"y\":0.3},{\"duration\":10,\"tweenEasing\":0,\"x\":0.3,\"y\":0.3},{\"duration\":7,\"tweenEasing\":0,\"x\":1.2,\"y\":1.2},{\"duration\":88}]},{\"name\":\"hua03\",\"scaleFrame\":[{\"duration\":44,\"tweenEasing\":0,\"x\":0.3,\"y\":0.3},{\"duration\":10,\"tweenEasing\":0,\"x\":0.3,\"y\":0.3},{\"duration\":7,\"tweenEasing\":0,\"x\":1.2,\"y\":1.2},{\"duration\":92}]},{\"name\":\"yezi_Copy41_Copy44_Copy45\",\"scaleFrame\":[{\"duration\":33,\"tweenEasing\":0,\"x\":0.3,\"y\":0.3},{\"duration\":10,\"tweenEasing\":0,\"x\":0.3,\"y\":0.3},{\"duration\":7,\"tweenEasing\":0,\"x\":1.2,\"y\":1.2},{\"duration\":103}]},{\"name\":\"yezi_Copy41_Copy44\",\"scaleFrame\":[{\"duration\":39,\"tweenEasing\":0,\"x\":0.3,\"y\":0.3},{\"duration\":10,\"tweenEasing\":0,\"x\":0.3,\"y\":0.3},{\"duration\":7,\"tweenEasing\":0,\"x\":1.2,\"y\":1.2},{\"duration\":97}]},{\"name\":\"yezi_Copy41\",\"scaleFrame\":[{\"duration\":31,\"tweenEasing\":0,\"x\":0.3,\"y\":0.3},{\"duration\":10,\"tweenEasing\":0,\"x\":0.3,\"y\":0.3},{\"duration\":7,\"tweenEasing\":0,\"x\":1.2,\"y\":1.2},{\"duration\":105}]},{\"name\":\"yezi_Copy42\",\"scaleFrame\":[{\"duration\":37,\"tweenEasing\":0,\"x\":0.3,\"y\":0.3},{\"duration\":10,\"tweenEasing\":0,\"x\":0.3,\"y\":0.3},{\"duration\":7,\"tweenEasing\":0,\"x\":1.2,\"y\":1.2},{\"duration\":99}]},{\"name\":\"yezi_Copy43\",\"scaleFrame\":[{\"duration\":44,\"tweenEasing\":0,\"x\":0.3,\"y\":0.3},{\"duration\":10,\"tweenEasing\":0,\"x\":0.3,\"y\":0.3},{\"duration\":7,\"tweenEasing\":0,\"x\":1.2,\"y\":1.2},{\"duration\":92}]},{\"name\":\"yezi\",\"scaleFrame\":[{\"duration\":44,\"tweenEasing\":0,\"x\":0.3,\"y\":0.3},{\"duration\":10,\"tweenEasing\":0,\"x\":0.3,\"y\":0.3},{\"duration\":7,\"tweenEasing\":0,\"x\":1.2,\"y\":1.2},{\"duration\":92}]},{\"name\":\"cao01\",\"scaleFrame\":[{\"duration\":15,\"tweenEasing\":0,\"x\":0.3,\"y\":0.3},{\"duration\":10,\"tweenEasing\":0,\"x\":0.3,\"y\":0.3},{\"duration\":7,\"tweenEasing\":0,\"x\":1.1,\"y\":1.1},{\"duration\":121}]},{\"name\":\"cao02_Copy98\",\"scaleFrame\":[{\"duration\":6,\"tweenEasing\":0,\"x\":0.3,\"y\":0.3},{\"duration\":12,\"tweenEasing\":0,\"x\":0.3,\"y\":0.3},{\"duration\":7,\"tweenEasing\":0,\"x\":1.1,\"y\":1.1},{\"duration\":128}]},{\"name\":\"cao02\",\"scaleFrame\":[{\"duration\":6,\"tweenEasing\":0,\"x\":0.3,\"y\":0.3},{\"duration\":12,\"tweenEasing\":0,\"x\":0.3,\"y\":0.3},{\"duration\":7,\"tweenEasing\":0,\"x\":1.1,\"y\":1.1},{\"duration\":128}]},{\"name\":\"cao03_Copy96\",\"scaleFrame\":[{\"duration\":17,\"tweenEasing\":0,\"x\":0.3,\"y\":0.3},{\"duration\":10,\"tweenEasing\":0,\"x\":0.3,\"y\":0.3},{\"duration\":7,\"tweenEasing\":0,\"x\":1.1,\"y\":1.1},{\"duration\":119}]},{\"name\":\"cao03\",\"scaleFrame\":[{\"duration\":17,\"tweenEasing\":0,\"x\":0.3,\"y\":0.3},{\"duration\":10,\"tweenEasing\":0,\"x\":0.3,\"y\":0.3},{\"duration\":7,\"tweenEasing\":0,\"x\":1.1,\"y\":1.1},{\"duration\":119}]},{\"name\":\"cao04_Copy95\",\"scaleFrame\":[{\"duration\":24,\"tweenEasing\":0,\"x\":0.3,\"y\":0.3},{\"duration\":10,\"tweenEasing\":0,\"x\":0.3,\"y\":0.3},{\"duration\":7,\"tweenEasing\":0,\"x\":1.1,\"y\":1.1},{\"duration\":112}]},{\"name\":\"cao04\",\"scaleFrame\":[{\"duration\":24,\"tweenEasing\":0,\"x\":0.3,\"y\":0.3},{\"duration\":10,\"tweenEasing\":0,\"x\":0.3,\"y\":0.3},{\"duration\":7,\"tweenEasing\":0,\"x\":1.1,\"y\":1.1},{\"duration\":112}]},{\"name\":\"shu01\",\"scaleFrame\":[{\"duration\":14,\"tweenEasing\":0,\"x\":0.3,\"y\":0.3},{\"duration\":9,\"tweenEasing\":0,\"x\":1.1,\"y\":1.1},{\"duration\":130}]},{\"name\":\"shu02\",\"translateFrame\":[{\"duration\":6,\"tweenEasing\":0,\"x\":-3.91,\"y\":1.74},{\"duration\":16,\"tweenEasing\":0,\"x\":-3.91,\"y\":1.74},{\"duration\":131}],\"scaleFrame\":[{\"duration\":6,\"tweenEasing\":0,\"x\":0.3,\"y\":0.3},{\"duration\":16,\"tweenEasing\":0,\"x\":0.3,\"y\":0.3},{\"duration\":9,\"tweenEasing\":0,\"x\":1.1,\"y\":1.1},{\"duration\":122}]}],\"slot\":[{\"name\":\"hua01_Copy39_Copy40\",\"displayFrame\":[{\"duration\":26,\"value\":-1},{\"duration\":127}],\"colorFrame\":[{\"duration\":133,\"tweenEasing\":0},{\"duration\":18,\"tweenEasing\":0},{\"duration\":2,\"value\":{\"aM\":0}}]},{\"name\":\"hua01_Copy39\",\"displayFrame\":[{\"duration\":41,\"value\":-1},{\"duration\":112}],\"colorFrame\":[{\"duration\":134,\"tweenEasing\":0},{\"duration\":18,\"tweenEasing\":0},{\"value\":{\"aM\":0}}]},{\"name\":\"hua01_Copy97\",\"displayFrame\":[{\"duration\":17,\"value\":-1},{\"duration\":136}],\"colorFrame\":[{\"duration\":134,\"tweenEasing\":0},{\"duration\":18,\"tweenEasing\":0},{\"value\":{\"aM\":0}}]},{\"name\":\"hua01\",\"displayFrame\":[{\"duration\":17,\"value\":-1},{\"duration\":136}],\"colorFrame\":[{\"duration\":134,\"tweenEasing\":0},{\"duration\":18,\"tweenEasing\":0},{\"value\":{\"aM\":0}}]},{\"name\":\"hua02\",\"displayFrame\":[{\"duration\":48,\"value\":-1},{\"duration\":105}],\"colorFrame\":[{\"duration\":134,\"tweenEasing\":0},{\"duration\":18,\"tweenEasing\":0},{\"value\":{\"aM\":0}}]},{\"name\":\"hua03\",\"displayFrame\":[{\"duration\":44,\"value\":-1},{\"duration\":109}],\"colorFrame\":[{\"duration\":133,\"tweenEasing\":0},{\"duration\":18,\"tweenEasing\":0},{\"duration\":2,\"value\":{\"aM\":0}}]},{\"name\":\"yezi_Copy41_Copy44_Copy45\",\"displayFrame\":[{\"duration\":33,\"value\":-1},{\"duration\":120}],\"colorFrame\":[{\"duration\":133,\"tweenEasing\":0},{\"duration\":18,\"tweenEasing\":0},{\"duration\":2,\"value\":{\"aM\":0}}]},{\"name\":\"yezi_Copy41_Copy44\",\"displayFrame\":[{\"duration\":39,\"value\":-1},{\"duration\":114}],\"colorFrame\":[{\"duration\":134,\"tweenEasing\":0},{\"duration\":18,\"tweenEasing\":0},{\"value\":{\"aM\":0}}]},{\"name\":\"yezi_Copy41\",\"displayFrame\":[{\"duration\":31,\"value\":-1},{\"duration\":122}],\"colorFrame\":[{\"duration\":133,\"tweenEasing\":0},{\"duration\":18,\"tweenEasing\":0},{\"duration\":2,\"value\":{\"aM\":0}}]},{\"name\":\"yezi_Copy42\",\"displayFrame\":[{\"duration\":37,\"value\":-1},{\"duration\":116}],\"colorFrame\":[{\"duration\":134,\"tweenEasing\":0},{\"duration\":18,\"tweenEasing\":0},{\"value\":{\"aM\":0}}]},{\"name\":\"yezi_Copy43\",\"displayFrame\":[{\"duration\":44,\"value\":-1},{\"duration\":109}],\"colorFrame\":[{\"duration\":133,\"tweenEasing\":0},{\"duration\":18,\"tweenEasing\":0},{\"duration\":2,\"value\":{\"aM\":0}}]},{\"name\":\"yezi\",\"displayFrame\":[{\"duration\":44,\"value\":-1},{\"duration\":109}],\"colorFrame\":[{\"duration\":133,\"tweenEasing\":0},{\"duration\":18,\"tweenEasing\":0},{\"duration\":2,\"value\":{\"aM\":0}}]},{\"name\":\"cao01\",\"displayFrame\":[{\"duration\":15,\"value\":-1},{\"duration\":138}],\"colorFrame\":[{\"duration\":133,\"tweenEasing\":0},{\"duration\":18,\"tweenEasing\":0},{\"duration\":2,\"value\":{\"aM\":0}}]},{\"name\":\"cao02_Copy98\",\"displayFrame\":[{\"duration\":6,\"value\":-1},{\"duration\":147}],\"colorFrame\":[{\"duration\":134,\"tweenEasing\":0},{\"duration\":18,\"tweenEasing\":0},{\"value\":{\"aM\":0}}]},{\"name\":\"cao02\",\"displayFrame\":[{\"duration\":6,\"value\":-1},{\"duration\":147}],\"colorFrame\":[{\"duration\":134,\"tweenEasing\":0},{\"duration\":18,\"tweenEasing\":0},{\"value\":{\"aM\":0}}]},{\"name\":\"cao03_Copy96\",\"displayFrame\":[{\"duration\":17,\"value\":-1},{\"duration\":136}],\"colorFrame\":[{\"duration\":134,\"tweenEasing\":0},{\"duration\":18,\"tweenEasing\":0},{\"value\":{\"aM\":0}}]},{\"name\":\"cao03\",\"displayFrame\":[{\"duration\":17,\"value\":-1},{\"duration\":136}],\"colorFrame\":[{\"duration\":134,\"tweenEasing\":0},{\"duration\":18,\"tweenEasing\":0},{\"value\":{\"aM\":0}}]},{\"name\":\"cao04_Copy95\",\"displayFrame\":[{\"duration\":24,\"value\":-1},{\"duration\":129}],\"colorFrame\":[{\"duration\":133,\"tweenEasing\":0},{\"duration\":18,\"tweenEasing\":0},{\"duration\":2,\"value\":{\"aM\":0}}]},{\"name\":\"cao04\",\"displayFrame\":[{\"duration\":24,\"value\":-1},{\"duration\":129}],\"colorFrame\":[{\"duration\":133,\"tweenEasing\":0},{\"duration\":18,\"tweenEasing\":0},{\"duration\":2,\"value\":{\"aM\":0}}]},{\"name\":\"shu01\",\"colorFrame\":[{\"duration\":135,\"tweenEasing\":0},{\"duration\":18,\"tweenEasing\":0},{\"duration\":0,\"value\":{\"aM\":0}}]},{\"name\":\"shu02\",\"displayFrame\":[{\"duration\":6,\"value\":-1},{\"duration\":147}],\"colorFrame\":[{\"duration\":134,\"tweenEasing\":0},{\"duration\":18,\"tweenEasing\":0},{\"value\":{\"aM\":0}}]}]}],\"defaultActions\":[{\"gotoAndPlay\":\"Animation1\"}]}]}"}