{"__type__":"dragonBones.DragonBonesAtlasAsset","_name":"base_f_doudizhu_TX_TYT_tex","_atlasJson":"{\"width\":512,\"SubTexture\":[{\"width\":308,\"y\":228,\"height\":225,\"name\":\"base_f_doudizhu02_TX_TYT\",\"x\":1},{\"width\":308,\"y\":1,\"height\":225,\"name\":\"base_f_doudizhu01_TX_TYT\",\"x\":1},{\"y\":563,\"frameY\":-60,\"frameWidth\":176,\"width\":128,\"frameX\":-30,\"frameHeight\":185,\"height\":106,\"name\":\"ddz_00009\",\"x\":127},{\"y\":616,\"frameY\":-91,\"frameWidth\":176,\"width\":101,\"frameX\":-7,\"frameHeight\":185,\"height\":70,\"name\":\"ddz_00003\",\"x\":370},{\"y\":826,\"frameY\":-86,\"frameWidth\":176,\"width\":101,\"frameX\":-10,\"frameHeight\":185,\"height\":69,\"name\":\"ddz_00004\",\"x\":371},{\"y\":1,\"frameY\":-32,\"frameWidth\":176,\"width\":137,\"frameX\":-26,\"frameHeight\":185,\"height\":120,\"name\":\"ddz_00012\",\"x\":311},{\"y\":571,\"frameY\":-7,\"frameWidth\":176,\"width\":108,\"frameX\":-61,\"frameHeight\":185,\"height\":121,\"name\":\"ddz_00016\",\"x\":1},{\"y\":492,\"frameY\":-12,\"frameWidth\":176,\"width\":107,\"frameX\":-61,\"frameHeight\":185,\"height\":122,\"name\":\"ddz_00015\",\"x\":394},{\"y\":694,\"frameY\":-117,\"frameWidth\":176,\"width\":102,\"frameX\":-4,\"frameHeight\":185,\"height\":50,\"name\":\"ddz_00002\",\"x\":1},{\"y\":492,\"frameY\":-66,\"frameWidth\":176,\"width\":130,\"frameX\":-26,\"frameHeight\":185,\"height\":105,\"name\":\"ddz_00008\",\"x\":262},{\"y\":688,\"frameY\":-83,\"frameWidth\":176,\"width\":16,\"frameX\":-159,\"frameHeight\":185,\"height\":20,\"name\":\"ddz_00020\",\"x\":455},{\"y\":455,\"frameY\":-71,\"frameWidth\":176,\"width\":133,\"frameX\":-21,\"frameHeight\":185,\"height\":106,\"name\":\"ddz_00007\",\"x\":127},{\"y\":242,\"frameY\":-23,\"frameWidth\":176,\"width\":122,\"frameX\":-42,\"frameHeight\":185,\"height\":123,\"name\":\"ddz_00013\",\"x\":311},{\"y\":717,\"frameY\":-76,\"frameWidth\":176,\"width\":98,\"frameX\":-17,\"frameHeight\":185,\"height\":107,\"name\":\"ddz_00006\",\"x\":371},{\"y\":671,\"frameY\":-81,\"frameWidth\":176,\"width\":99,\"frameX\":-14,\"frameHeight\":185,\"height\":67,\"name\":\"ddz_00005\",\"x\":111},{\"y\":367,\"frameY\":-17,\"frameWidth\":176,\"width\":121,\"frameX\":-45,\"frameHeight\":185,\"height\":123,\"name\":\"ddz_00014\",\"x\":311},{\"y\":599,\"frameY\":-3,\"frameWidth\":176,\"width\":111,\"frameX\":-60,\"frameHeight\":185,\"height\":116,\"name\":\"ddz_00017\",\"x\":257},{\"y\":367,\"frameY\":-118,\"frameWidth\":176,\"width\":60,\"frameX\":-1,\"frameHeight\":185,\"height\":55,\"name\":\"ddz_00001\",\"x\":434},{\"y\":688,\"frameY\":-85,\"frameWidth\":176,\"width\":83,\"frameX\":-91,\"frameHeight\":185,\"height\":22,\"name\":\"ddz_00019\",\"x\":370},{\"y\":717,\"frameY\":0,\"frameWidth\":176,\"width\":112,\"frameX\":-60,\"frameHeight\":185,\"height\":113,\"name\":\"ddz_00018\",\"x\":257},{\"y\":455,\"frameY\":-50,\"frameWidth\":176,\"width\":124,\"frameX\":-35,\"frameHeight\":185,\"height\":114,\"name\":\"ddz_00010\",\"x\":1},{\"y\":123,\"frameY\":-41,\"frameWidth\":176,\"width\":136,\"frameX\":-25,\"frameHeight\":185,\"height\":117,\"name\":\"ddz_00011\",\"x\":311}],\"height\":1024,\"name\":\"base_f_doudizhu_TX_TYT\",\"imagePath\":\"base_f_doudizhu_TX_TYT_tex.png\"}","_texture":{"__uuid__":"b2E3cTFq5Lj7mTb9AaI+mu"},"texture":{"__uuid__":"b2E3cTFq5Lj7mTb9AaI+mu"}}