[{"__type__":"cc.SpriteFrame","content":{"name":"bg01_tyt","texture":"90L9xs9e5P8J/CaEDWVc98","rect":[0,0,750,1334],"offset":[0,0],"originalSize":[750,1334],"capInsets":[0,0,0,0]}},{"__type__":"cc.SpriteFrame","content":{"name":"bg04_tyt","texture":"b8M8x9/DlCLrYZHPZLBLj+","rect":[0,0,750,1334],"offset":[0,0],"originalSize":[750,1334],"capInsets":[0,0,0,0]}},[{"__type__":"cc.SceneAsset","_name":"loading","scene":{"__id__":1},"asyncLoadAssets":null},{"__type__":"cc.Scene","_name":"New Node","_children":[{"__id__":2},{"__id__":4}],"_anchorPoint":{"__type__":"cc.Vec2"},"autoReleaseAssets":false},{"__type__":"cc.Node","_name":"Canvas","_parent":{"__id__":1},"_children":[{"__id__":3}],"_components":[{"__type__":"cc.Canvas","node":{"__id__":2}},{"__type__":"3f3f43lNzlLEK7kk1EAk8RU","node":{"__id__":2}}],"_contentSize":{"__type__":"cc.Size","width":960,"height":640},"_position":{"__type__":"cc.Vec3","x":480,"y":320},"_id":"acR5Q+/DZAP7gyM/5WXmFh"},{"__type__":"cc.Node","_name":"Main Camera","_parent":{"__id__":2},"_level":1,"_components":[{"__type__":"cc.Camera","node":{"__id__":3},"_clearFlags":7,"_depth":-1}]},{"__type__":"cc.Node","_name":"BgNode","_parent":{"__id__":1},"_children":[{"__id__":5},{"__id__":6},{"__id__":7},{"__id__":8}],"_level":1,"_components":[{"__type__":"ff5c5oeLZBP4ZrLgbOPpOCF","node":{"__id__":4},"bg1":{"__id__":5},"bg2":{"__id__":6},"bg3":{"__id__":7},"bg4":{"__id__":8}}],"_id":"83gxWMXBBMBa49odKTzyhx"},{"__type__":"cc.Node","_name":"bg01","_parent":{"__id__":4},"_components":[{"__type__":"cc.Sprite","node":{"__id__":5},"_materials":[{"__uuid__":"ecpdLyjvZBwrvm+cedCcQy"}],"_spriteFrame":{"__uuid__":"04Ce6JgF1PkruK8qKQVffe"},"_sizeMode":0}],"_contentSize":{"__type__":"cc.Size","width":750,"height":1334}},{"__type__":"cc.Node","_name":"bg02","_parent":{"__id__":4},"_components":[{"__type__":"cc.Sprite","node":{"__id__":6},"_materials":[{"__uuid__":"ecpdLyjvZBwrvm+cedCcQy"}],"_spriteFrame":{"__uuid__":"acJsEJiz9J9KBrE2gJDTc2"},"_sizeMode":0}],"_contentSize":{"__type__":"cc.Size","width":750,"height":1334},"_position":{"__type__":"cc.Vec3","y":1334}},{"__type__":"cc.Node","_name":"bg03","_parent":{"__id__":4},"_components":[{"__type__":"cc.Sprite","node":{"__id__":7},"_materials":[{"__uuid__":"ecpdLyjvZBwrvm+cedCcQy"}],"_spriteFrame":{"__uuid__":"c6Xv02Ch5Aa5/C2mvmgcUL"},"_sizeMode":2}],"_contentSize":{"__type__":"cc.Size","width":750,"height":1334},"_position":{"__type__":"cc.Vec3","y":2668}},{"__type__":"cc.Node","_name":"bg04","_parent":{"__id__":4},"_components":[{"__type__":"cc.Sprite","node":{"__id__":8},"_materials":[{"__uuid__":"ecpdLyjvZBwrvm+cedCcQy"}],"_spriteFrame":{"__uuid__":"38ArkIWYtIOrPxh2N4TDJy"},"_sizeMode":2}],"_contentSize":{"__type__":"cc.Size","width":750,"height":1334},"_position":{"__type__":"cc.Vec3","y":-1334}}],{"__type__":"cc.SpriteFrame","content":{"name":"bg02_tyt","texture":"60ezqYpO9FiqqmnYnvX8cL","rect":[0,0,750,1334],"offset":[0,0],"originalSize":[750,1334],"capInsets":[0,0,0,0]}},{"__type__":"cc.SpriteFrame","content":{"name":"bg03_tyt","texture":"c5SQuXlyFB24ghR9l6s9ss","rect":[0,0,750,1334],"offset":[0,0],"originalSize":[750,1334],"capInsets":[0,0,0,0]}}]