{"__type__":"dragonBones.DragonBonesAtlasAsset","_name":"touxiao_tx01_TYT_tex","_atlasJson":"{\"width\":512,\"imagePath\":\"touxiao_tx01_TYT_tex.png\",\"height\":1024,\"name\":\"touxiao_tx01_TYT\",\"SubTexture\":[{\"width\":154,\"y\":441,\"height\":218,\"name\":\"toutiao_b_start_TYT\",\"x\":311},{\"width\":154,\"y\":661,\"height\":218,\"name\":\"toutiao_b_stop_TYT\",\"x\":157},{\"width\":154,\"y\":711,\"height\":218,\"name\":\"toutiao_c_tt01_TYT\",\"x\":1},{\"width\":154,\"y\":491,\"height\":218,\"name\":\"toutiao_c_tt04_TYT\",\"x\":1},{\"width\":168,\"y\":221,\"height\":218,\"name\":\"toutiao_c_tt02_TYT\",\"x\":311},{\"width\":177,\"y\":1,\"height\":218,\"name\":\"toutiao_c_tt03_TYT\",\"x\":257},{\"width\":308,\"y\":306,\"height\":183,\"name\":\"toutiao_a_white_TYT\",\"x\":1},{\"width\":254,\"y\":1,\"height\":303,\"name\":\"toutiao_c_ttx001_TYT\",\"x\":1}]}","_texture":{"__uuid__":"87aoMfmOlIP40G4UzywLIX"},"texture":{"__uuid__":"87aoMfmOlIP40G4UzywLIX"}}