{"__type__":"dragonBones.DragonBonesAtlasAsset","_name":"base_f_dushu_TX_TYT_tex","_atlasJson":"{\"width\":1024,\"imagePath\":\"base_f_dushu_TX_TYT_tex.png\",\"height\":1024,\"name\":\"base_f_dushu_TX_TYT\",\"SubTexture\":[{\"y\":1,\"frameX\":-18,\"frameHeight\":458,\"frameY\":-127,\"width\":412,\"frameWidth\":468,\"height\":331,\"name\":\"guang\",\"x\":1},{\"y\":349,\"frameX\":-8,\"frameHeight\":236,\"frameY\":-187,\"width\":1,\"frameWidth\":171,\"height\":12,\"name\":\"lizi_00001\",\"x\":548},{\"y\":665,\"frameX\":-7,\"frameHeight\":236,\"frameY\":-162,\"width\":137,\"frameWidth\":171,\"height\":43,\"name\":\"lizi_00002\",\"x\":796},{\"y\":549,\"frameX\":-7,\"frameHeight\":236,\"frameY\":-137,\"width\":137,\"frameWidth\":171,\"height\":80,\"name\":\"lizi_00003\",\"x\":657},{\"y\":441,\"frameX\":-7,\"frameHeight\":236,\"frameY\":-112,\"width\":137,\"frameWidth\":171,\"height\":106,\"name\":\"lizi_00004\",\"x\":657},{\"y\":373,\"frameX\":-7,\"frameHeight\":236,\"frameY\":-87,\"width\":137,\"frameWidth\":171,\"height\":131,\"name\":\"lizi_00005\",\"x\":813},{\"y\":198,\"frameX\":-7,\"frameHeight\":236,\"frameY\":-62,\"width\":137,\"frameWidth\":171,\"height\":173,\"name\":\"lizi_00006\",\"x\":860},{\"y\":1,\"frameX\":-7,\"frameHeight\":236,\"frameY\":-37,\"width\":154,\"frameWidth\":171,\"height\":197,\"name\":\"lizi_00007\",\"x\":571},{\"y\":1,\"frameX\":-7,\"frameHeight\":236,\"frameY\":-12,\"width\":154,\"frameWidth\":171,\"height\":218,\"name\":\"lizi_00008\",\"x\":415},{\"y\":1,\"frameX\":-31,\"frameHeight\":236,\"frameY\":-12,\"width\":131,\"frameWidth\":171,\"height\":220,\"name\":\"lizi_00009\",\"x\":727},{\"y\":1,\"frameX\":-31,\"frameHeight\":236,\"frameY\":-37,\"width\":131,\"frameWidth\":171,\"height\":195,\"name\":\"lizi_00010\",\"x\":860},{\"y\":223,\"frameX\":-31,\"frameHeight\":236,\"frameY\":-12,\"width\":131,\"frameWidth\":171,\"height\":216,\"name\":\"lizi_00011\",\"x\":415},{\"y\":200,\"frameX\":-31,\"frameHeight\":236,\"frameY\":-12,\"width\":131,\"frameWidth\":171,\"height\":217,\"name\":\"lizi_00012\",\"x\":571},{\"y\":223,\"frameX\":-55,\"frameHeight\":236,\"frameY\":-12,\"width\":107,\"frameWidth\":171,\"height\":216,\"name\":\"lizi_00013\",\"x\":704},{\"y\":419,\"frameX\":-55,\"frameHeight\":236,\"frameY\":-12,\"width\":107,\"frameWidth\":171,\"height\":207,\"name\":\"lizi_00014\",\"x\":548},{\"y\":373,\"frameX\":-55,\"frameHeight\":236,\"frameY\":-12,\"width\":49,\"frameWidth\":171,\"height\":182,\"name\":\"lizi_00015\",\"x\":952},{\"y\":506,\"frameX\":-55,\"frameHeight\":236,\"frameY\":-12,\"width\":45,\"frameWidth\":171,\"height\":157,\"name\":\"lizi_00016\",\"x\":796},{\"y\":221,\"frameX\":-55,\"frameHeight\":236,\"frameY\":-18,\"width\":4,\"frameWidth\":171,\"height\":126,\"name\":\"lizi_00017\",\"x\":548},{\"y\":221,\"frameX\":-56,\"frameHeight\":236,\"frameY\":-35,\"width\":3,\"frameWidth\":171,\"height\":84,\"name\":\"lizi_00018\",\"x\":554},{\"y\":307,\"frameX\":-56,\"frameHeight\":236,\"frameY\":-10,\"width\":3,\"frameWidth\":171,\"height\":84,\"name\":\"lizi_00019\",\"x\":554}]}","_texture":{"__uuid__":"dcyRnNamFAAoxjwwVcvjCy"},"texture":{"__uuid__":"dcyRnNamFAAoxjwwVcvjCy"}}