{"__type__":"dragonBones.DragonBonesAsset","_name":"base_f_dushu_TX_TYT_ske","_dragonBonesJson":"{\"frameRate\":60,\"name\":\"base_f_dushu_TX_TYT\",\"version\":\"5.5\",\"compatibleVersion\":\"5.5\",\"armature\":[{\"type\":\"Armature\",\"frameRate\":60,\"name\":\"armatureName\",\"aabb\":{\"x\":-225.69,\"y\":-326.94,\"width\":468,\"height\":549.05},\"bone\":[{\"inheritScale\":false,\"length\":110,\"name\":\"Layer93\",\"transform\":{\"x\":-378.9951,\"y\":-157.4595,\"skX\":177.3974,\"skY\":177.3974}},{\"inheritScale\":false,\"length\":171,\"name\":\"guang\",\"parent\":\"Layer93\",\"transform\":{\"x\":-360.0557,\"y\":-387.733,\"skX\":93.5574,\"skY\":93.5574}},{\"inheritScale\":false,\"length\":91,\"name\":\"01\",\"parent\":\"Layer93\",\"transform\":{\"x\":-66.3347,\"y\":223.6626,\"skX\":91.9039,\"skY\":91.9039,\"scX\":2,\"scY\":2}},{\"inheritScale\":false,\"length\":105,\"name\":\"02\",\"parent\":\"01\",\"transform\":{\"x\":2.8045,\"y\":43.3709,\"skX\":0.0956,\"skY\":0.0956}},{\"inheritScale\":false,\"length\":109,\"name\":\"03\",\"parent\":\"02\",\"transform\":{\"x\":9.5902,\"y\":38.992,\"skX\":9.9696,\"skY\":9.9696}},{\"inheritScale\":false,\"length\":86,\"name\":\"04\",\"parent\":\"03\",\"transform\":{\"x\":15.4837,\"y\":25.5991,\"skX\":-6.4308,\"skY\":-6.4308}},{\"inheritScale\":false,\"length\":91,\"name\":\"05\",\"parent\":\"04\",\"transform\":{\"x\":9.0479,\"y\":46.264,\"skX\":7.5558,\"skY\":7.5558}},{\"inheritScale\":false,\"length\":94,\"name\":\"06\",\"parent\":\"05\",\"transform\":{\"x\":-5.0177,\"y\":46.1293,\"skX\":-9.8174,\"skY\":-9.8174}},{\"inheritScale\":false,\"length\":91,\"name\":\"07\",\"parent\":\"06\",\"transform\":{\"x\":7.2019,\"y\":45.474,\"skX\":2.8153,\"skY\":2.8153}},{\"inheritScale\":false,\"length\":92,\"name\":\"08\",\"parent\":\"07\",\"transform\":{\"x\":-8.2502,\"y\":47.2565,\"skX\":-0.0419,\"skY\":-0.0419}},{\"inheritScale\":false,\"length\":90,\"name\":\"09\",\"parent\":\"08\",\"transform\":{\"x\":4.2225,\"y\":33.1394,\"skX\":2.1932,\"skY\":2.1932}},{\"inheritScale\":false,\"length\":105,\"name\":\"10\",\"parent\":\"09\",\"transform\":{\"x\":12.5454,\"y\":47.8879,\"skX\":-0.827,\"skY\":-0.827}},{\"inheritScale\":false,\"length\":74,\"name\":\"11\",\"parent\":\"10\",\"transform\":{\"x\":-0.4311,\"y\":34.6026,\"skX\":-9.0814,\"skY\":-9.0814}},{\"inheritScale\":false,\"length\":83,\"name\":\"12\",\"parent\":\"11\",\"transform\":{\"x\":-15.1156,\"y\":23.3845,\"skX\":12.7229,\"skY\":12.7229}},{\"inheritScale\":false,\"length\":71,\"name\":\"13\",\"parent\":\"12\",\"transform\":{\"x\":19.5598,\"y\":40.902,\"skX\":-3.0992,\"skY\":-3.0992}},{\"inheritScale\":false,\"length\":75,\"name\":\"14\",\"parent\":\"13\",\"transform\":{\"x\":-12.3763,\"y\":34.6397,\"skX\":0.5216,\"skY\":0.5216}},{\"inheritScale\":false,\"length\":75,\"name\":\"15\",\"parent\":\"14\",\"transform\":{\"x\":0.9753,\"y\":31.1752,\"skX\":1.7733,\"skY\":1.7733}},{\"inheritScale\":false,\"length\":76,\"name\":\"16\",\"parent\":\"15\",\"transform\":{\"x\":10.0919,\"y\":33.3984,\"skX\":-5.1611,\"skY\":-5.1611}},{\"inheritScale\":false,\"length\":73,\"name\":\"17\",\"parent\":\"16\",\"transform\":{\"x\":0.2896,\"y\":32.24,\"skX\":3.5646,\"skY\":3.5646}},{\"inheritScale\":false,\"length\":86,\"name\":\"18\",\"parent\":\"17\",\"transform\":{\"x\":13.2422,\"y\":51.1106,\"skX\":-12.7209,\"skY\":-12.7209}},{\"inheritScale\":false,\"length\":74,\"name\":\"19\",\"parent\":\"18\",\"transform\":{\"x\":-5.1023,\"y\":34.082,\"skX\":10.0833,\"skY\":10.0833}}],\"slot\":[{\"name\":\"guang\",\"parent\":\"guang\"},{\"name\":\"01\",\"parent\":\"01\"},{\"name\":\"02\",\"parent\":\"02\"},{\"name\":\"03\",\"parent\":\"03\"},{\"name\":\"04\",\"parent\":\"04\"},{\"name\":\"05\",\"parent\":\"05\"},{\"name\":\"06\",\"parent\":\"06\"},{\"name\":\"07\",\"parent\":\"07\"},{\"name\":\"08\",\"parent\":\"08\"},{\"name\":\"09\",\"parent\":\"09\"},{\"name\":\"10\",\"parent\":\"10\"},{\"name\":\"11\",\"parent\":\"11\"},{\"name\":\"12\",\"parent\":\"12\"},{\"name\":\"13\",\"parent\":\"13\"},{\"name\":\"14\",\"parent\":\"14\"},{\"name\":\"15\",\"parent\":\"15\"},{\"name\":\"16\",\"parent\":\"16\"},{\"name\":\"17\",\"parent\":\"17\"},{\"name\":\"18\",\"parent\":\"18\"},{\"name\":\"19\",\"parent\":\"19\"},{\"displayIndex\":-1,\"name\":\"Layer93\",\"parent\":\"Layer93\"}],\"skin\":[{\"slot\":[{\"name\":\"19\",\"display\":[{\"name\":\"lizi_00019\",\"transform\":{\"x\":-222.93,\"y\":-518.53,\"skX\":86.58,\"skY\":86.58}}]},{\"name\":\"16\",\"display\":[{\"name\":\"lizi_00016\",\"transform\":{\"x\":-203.79,\"y\":-403.54,\"skX\":87.51,\"skY\":87.51}}]},{\"name\":\"18\",\"display\":[{\"name\":\"lizi_00018\",\"transform\":{\"x\":-133.8,\"y\":-515.47,\"skX\":96.67,\"skY\":96.67}}]},{\"name\":\"07\",\"display\":[{\"name\":\"lizi_00007\",\"transform\":{\"x\":-207.36,\"y\":-69.52,\"skX\":86.51,\"skY\":86.51}}]},{\"name\":\"08\",\"display\":[{\"name\":\"lizi_00008\",\"transform\":{\"x\":-199.02,\"y\":-116.92,\"skX\":86.55,\"skY\":86.55}}]},{\"name\":\"03\",\"display\":[{\"name\":\"lizi_00003\",\"transform\":{\"x\":-175.66,\"y\":112.52,\"skX\":80.63,\"skY\":80.63}}]},{\"name\":\"06\",\"display\":[{\"name\":\"lizi_00006\",\"transform\":{\"x\":-196.49,\"y\":-34.14,\"skX\":89.33,\"skY\":89.33}}]},{\"name\":\"11\",\"display\":[{\"name\":\"lizi_00011\",\"transform\":{\"x\":-179.49,\"y\":-259.42,\"skX\":94.27,\"skY\":94.27}}]},{\"name\":\"04\",\"display\":[{\"name\":\"lizi_00004\",\"transform\":{\"x\":-199.68,\"y\":64.97,\"skX\":87.06,\"skY\":87.06}}]},{\"name\":\"15\",\"display\":[{\"name\":\"lizi_00015\",\"transform\":{\"x\":-229.18,\"y\":-350.17,\"skX\":82.35,\"skY\":82.35}}]},{\"name\":\"02\",\"display\":[{\"name\":\"lizi_00002\",\"transform\":{\"x\":-182.9,\"y\":119.41,\"skX\":90.6,\"skY\":90.6}}]},{\"name\":\"13\",\"display\":[{\"name\":\"lizi_00013\",\"transform\":{\"x\":-226.66,\"y\":-293.24,\"skX\":84.64,\"skY\":84.64}}]},{\"name\":\"01\",\"display\":[{\"name\":\"lizi_00001\",\"transform\":{\"x\":-180.29,\"y\":162.47,\"skX\":90.7,\"skY\":90.7}}]},{\"name\":\"guang\",\"display\":[{\"name\":\"guang\",\"transform\":{\"x\":220.55,\"y\":6.34,\"skX\":89.05,\"skY\":89.05}}]},{\"name\":\"09\",\"display\":[{\"name\":\"lizi_00009\",\"transform\":{\"x\":-208.84,\"y\":-142.17,\"skX\":84.36,\"skY\":84.36}}]},{\"name\":\"12\",\"display\":[{\"name\":\"lizi_00012\",\"transform\":{\"x\":-222.62,\"y\":-239.66,\"skX\":81.55,\"skY\":81.55}}]},{\"name\":\"05\",\"display\":[{\"name\":\"lizi_00005\",\"transform\":{\"x\":-204.45,\"y\":45.99,\"skX\":79.51,\"skY\":79.51}}]},{\"name\":\"14\",\"display\":[{\"name\":\"lizi_00014\",\"transform\":{\"x\":-217.26,\"y\":-325.92,\"skX\":84.12,\"skY\":84.12}}]},{\"name\":\"10\",\"display\":[{\"name\":\"lizi_00010\",\"transform\":{\"x\":-218.62,\"y\":-193.23,\"skX\":85.19,\"skY\":85.19}}]},{\"name\":\"17\",\"display\":[{\"name\":\"lizi_00017\",\"transform\":{\"x\":-230.78,\"y\":-422.25,\"skX\":83.95,\"skY\":83.95}}]}]}],\"animation\":[{\"duration\":154,\"name\":\"Animation1\",\"slot\":[{\"name\":\"19\",\"displayFrame\":[{\"duration\":97,\"value\":-1},{\"duration\":4},{\"duration\":53,\"value\":-1}]},{\"name\":\"18\",\"displayFrame\":[{\"duration\":91,\"value\":-1},{\"duration\":4},{\"duration\":59,\"value\":-1}]},{\"name\":\"17\",\"displayFrame\":[{\"duration\":86,\"value\":-1},{\"duration\":4},{\"duration\":64,\"value\":-1}]},{\"name\":\"16\",\"displayFrame\":[{\"duration\":81,\"value\":-1},{\"duration\":4},{\"duration\":69,\"value\":-1}]},{\"name\":\"15\",\"displayFrame\":[{\"duration\":75,\"value\":-1},{\"duration\":4},{\"duration\":75,\"value\":-1}]},{\"name\":\"14\",\"displayFrame\":[{\"duration\":70,\"value\":-1},{\"duration\":4},{\"duration\":80,\"value\":-1}]},{\"name\":\"13\",\"displayFrame\":[{\"duration\":64,\"value\":-1},{\"duration\":4},{\"duration\":86,\"value\":-1}]},{\"name\":\"12\",\"displayFrame\":[{\"duration\":59,\"value\":-1},{\"duration\":4},{\"duration\":91,\"value\":-1}]},{\"name\":\"11\",\"displayFrame\":[{\"duration\":53,\"value\":-1},{\"duration\":4},{\"duration\":97,\"value\":-1}]},{\"name\":\"10\",\"displayFrame\":[{\"duration\":48,\"value\":-1},{\"duration\":4},{\"duration\":102,\"value\":-1}]},{\"name\":\"09\",\"displayFrame\":[{\"duration\":42,\"value\":-1},{\"duration\":4},{\"duration\":108,\"value\":-1}]},{\"name\":\"08\",\"displayFrame\":[{\"duration\":37,\"value\":-1},{\"duration\":4},{\"duration\":113,\"value\":-1}]},{\"name\":\"07\",\"displayFrame\":[{\"duration\":31,\"value\":-1},{\"duration\":4},{\"duration\":119,\"value\":-1}]},{\"name\":\"06\",\"displayFrame\":[{\"duration\":26,\"value\":-1},{\"duration\":4},{\"duration\":124,\"value\":-1}]},{\"name\":\"05\",\"displayFrame\":[{\"duration\":21,\"value\":-1},{\"duration\":4},{\"duration\":129,\"value\":-1}]},{\"name\":\"04\",\"displayFrame\":[{\"duration\":15,\"value\":-1},{\"duration\":4},{\"duration\":135,\"value\":-1}]},{\"name\":\"03\",\"displayFrame\":[{\"duration\":10,\"value\":-1},{\"duration\":4},{\"duration\":140,\"value\":-1}]},{\"name\":\"02\",\"displayFrame\":[{\"duration\":4,\"value\":-1},{\"duration\":4},{\"duration\":146,\"value\":-1}]},{\"name\":\"01\",\"displayFrame\":[{\"duration\":4},{\"duration\":150,\"value\":-1}]},{\"name\":\"guang\",\"colorFrame\":[{\"duration\":136,\"tweenEasing\":0},{\"duration\":18,\"tweenEasing\":0},{\"duration\":0,\"value\":{\"aM\":0}}]}]}],\"defaultActions\":[{\"gotoAndPlay\":\"Animation1\"}]}]}"}