{"__type__":"dragonBones.DragonBonesAtlasAsset","_name":"base_f_majiang_TX_TYT_1_tex","_atlasJson":"{\"width\":256,\"imagePath\":\"base_f_majiang_TX_TYT_1_tex.png\",\"height\":512,\"name\":\"base_f_majiang_TX_TYT_1\",\"SubTexture\":[{\"width\":64,\"y\":191,\"height\":134,\"name\":\"base_f_majiang_shu02_TX_TYT\",\"x\":1},{\"width\":217,\"y\":1,\"height\":188,\"name\":\"base_f_majiang_shu01_TX_TYT\",\"x\":1},{\"width\":27,\"y\":1,\"height\":93,\"name\":\"base_f_majiang_cao01_TX_TYT\",\"x\":220},{\"width\":55,\"y\":191,\"height\":40,\"name\":\"base_f_majiang_cao04_TX_TYT\",\"x\":67},{\"width\":80,\"y\":327,\"height\":39,\"name\":\"base_f_majiang_cao03_TX_TYT\",\"x\":1},{\"width\":29,\"y\":96,\"height\":71,\"name\":\"base_f_majiang_cao02_TX_TYT\",\"x\":220},{\"width\":20,\"y\":311,\"height\":12,\"name\":\"base_f_majiang_ye01_TX_TYT\",\"x\":67},{\"width\":26,\"y\":169,\"height\":33,\"name\":\"base_f_majiang_hua03_TX_TYT\",\"x\":220},{\"width\":37,\"y\":273,\"height\":36,\"name\":\"base_f_majiang_hua02_TX_TYT\",\"x\":67},{\"width\":42,\"y\":233,\"height\":38,\"name\":\"base_f_majiang_hua01_TX_TYT\",\"x\":67}]}","_texture":{"__uuid__":"fet0ljCrBM/o62LNXvWoeC"},"texture":{"__uuid__":"fet0ljCrBM/o62LNXvWoeC"}}