{"__type__":"dragonBones.DragonBonesAsset","_name":"touxiao_tx01_TYT_ske","_dragonBonesJson":"{\"frameRate\":60,\"name\":\"touxiao_tx01_TYT\",\"version\":\"5.5\",\"compatibleVersion\":\"5.5\",\"armature\":[{\"type\":\"Armature\",\"frameRate\":60,\"name\":\"armatureName\",\"aabb\":{\"x\":-154.59,\"y\":-90.93,\"width\":358.59,\"height\":351},\"bone\":[{\"name\":\"root\"},{\"inheritScale\":false,\"name\":\"toutiao_c_tt02_TYT\",\"parent\":\"root\",\"transform\":{\"x\":77,\"y\":108.5715}},{\"inheritScale\":false,\"name\":\"toutiao_b_start_TYT\",\"parent\":\"root\",\"transform\":{\"x\":-77,\"y\":108.5715}},{\"inheritScale\":false,\"name\":\"toutiao_c_tt01_TYT\",\"parent\":\"root\",\"transform\":{\"x\":77,\"y\":108.5715}},{\"inheritScale\":false,\"name\":\"toutiao_c_tt04_TYT\",\"parent\":\"root\",\"transform\":{\"x\":77,\"y\":108.5715}},{\"inheritScale\":false,\"name\":\"toutiao_b_stop_TYT\",\"parent\":\"root\",\"transform\":{\"x\":-77.3333,\"y\":108.5715}},{\"inheritScale\":false,\"name\":\"toutiao_c_tt03_TYT\",\"parent\":\"root\",\"transform\":{\"x\":77,\"y\":108.5715}},{\"inheritScale\":false,\"name\":\"toutiao_a_white_TYT\",\"parent\":\"root\",\"transform\":{\"x\":-0.5882,\"y\":0.5714}},{\"inheritScale\":false,\"name\":\"toutiao_c_ttx001_TYT\",\"parent\":\"root\",\"transform\":{\"x\":77,\"y\":108.5715}}],\"slot\":[{\"name\":\"toutiao_b_stop_TYT\",\"parent\":\"toutiao_b_stop_TYT\"},{\"name\":\"toutiao_b_start_TYT\",\"parent\":\"toutiao_b_start_TYT\"},{\"name\":\"toutiao_c_tt01_TYT\",\"parent\":\"toutiao_c_tt01_TYT\"},{\"name\":\"toutiao_c_tt04_TYT\",\"parent\":\"toutiao_c_tt04_TYT\"},{\"name\":\"toutiao_c_tt02_TYT\",\"parent\":\"toutiao_c_tt02_TYT\"},{\"name\":\"toutiao_c_tt03_TYT\",\"parent\":\"toutiao_c_tt03_TYT\"},{\"name\":\"toutiao_a_white_TYT\",\"parent\":\"toutiao_a_white_TYT\"},{\"name\":\"toutiao_c_ttx001_TYT\",\"parent\":\"toutiao_c_ttx001_TYT\"}],\"skin\":[{\"slot\":[{\"name\":\"toutiao_c_tt03_TYT\",\"display\":[{\"name\":\"toutiao_c_tt03_TYT\"}]},{\"name\":\"toutiao_c_ttx001_TYT\",\"display\":[{\"name\":\"toutiao_c_ttx001_TYT\"}]},{\"name\":\"toutiao_b_stop_TYT\",\"display\":[{\"name\":\"toutiao_b_start_TYT\"}]},{\"name\":\"toutiao_a_white_TYT\",\"display\":[{\"name\":\"toutiao_a_white_TYT\"}]},{\"name\":\"toutiao_b_start_TYT\",\"display\":[{\"name\":\"toutiao_b_stop_TYT\"}]},{\"name\":\"toutiao_c_tt01_TYT\",\"display\":[{\"name\":\"toutiao_c_tt01_TYT\"}]},{\"name\":\"toutiao_c_tt04_TYT\",\"display\":[{\"name\":\"toutiao_c_tt04_TYT\"}]},{\"name\":\"toutiao_c_tt02_TYT\",\"display\":[{\"name\":\"toutiao_c_tt02_TYT\"}]}]}],\"animation\":[{\"duration\":80,\"name\":\"Animation1\",\"bone\":[{\"name\":\"toutiao_c_tt03_TYT\",\"translateFrame\":[{\"duration\":38,\"tweenEasing\":0},{\"duration\":2,\"tweenEasing\":0},{\"duration\":10,\"tweenEasing\":0,\"x\":1},{\"duration\":30}]},{\"name\":\"toutiao_c_tt02_TYT\",\"translateFrame\":[{\"duration\":56,\"tweenEasing\":0},{\"duration\":2,\"tweenEasing\":0},{\"duration\":18,\"tweenEasing\":0,\"x\":-3},{\"duration\":4}]}],\"slot\":[{\"name\":\"toutiao_c_ttx001_TYT\",\"displayFrame\":[{\"duration\":38,\"value\":-1},{\"duration\":14},{\"duration\":14,\"value\":-1},{\"duration\":14},{\"duration\":0,\"value\":-1}],\"colorFrame\":[{\"duration\":36,\"tweenEasing\":0},{\"duration\":2,\"tweenEasing\":0},{\"duration\":12,\"tweenEasing\":0,\"value\":{\"aM\":78}},{\"duration\":2,\"tweenEasing\":0,\"value\":{\"aM\":0}},{\"duration\":12,\"tweenEasing\":0},{\"duration\":2,\"tweenEasing\":0},{\"duration\":12,\"tweenEasing\":0,\"value\":{\"aM\":78}},{\"duration\":2,\"tweenEasing\":0,\"value\":{\"aM\":0}},{\"duration\":0}]},{\"name\":\"toutiao_c_tt03_TYT\",\"displayFrame\":[{\"duration\":40,\"value\":-1},{\"duration\":10},{\"duration\":30,\"value\":-1}]},{\"name\":\"toutiao_c_tt02_TYT\",\"displayFrame\":[{\"duration\":58,\"value\":-1},{\"duration\":18},{\"duration\":4,\"value\":-1}]},{\"name\":\"toutiao_c_tt04_TYT\",\"displayFrame\":[{\"duration\":4,\"value\":-1},{\"duration\":76},{\"duration\":0,\"value\":-1}]},{\"name\":\"toutiao_b_start_TYT\",\"displayFrame\":[{\"duration\":2,\"value\":-1},{\"duration\":78}]},{\"name\":\"toutiao_b_stop_TYT\",\"displayFrame\":[{\"duration\":6},{\"duration\":74,\"value\":-1}]}]}],\"defaultActions\":[{\"gotoAndPlay\":\"Animation1\"}]}]}"}