{"__type__":"dragonBones.DragonBonesAtlasAsset","_name":"maomao2_TYT_tex","_atlasJson":"{\"width\":256,\"imagePath\":\"maomao2_TYT_tex.png\",\"height\":512,\"name\":\"maomao2_TYT\",\"SubTexture\":[{\"frameY\":-1,\"y\":213,\"frameWidth\":29,\"frameHeight\":29,\"width\":29,\"height\":27,\"name\":\"zs_TYT\",\"frameX\":0,\"x\":45},{\"width\":21,\"y\":242,\"height\":28,\"name\":\"zj_TYT\",\"x\":24},{\"width\":81,\"y\":178,\"height\":94,\"name\":\"mhd05_TYT\",\"x\":84},{\"width\":81,\"y\":82,\"height\":94,\"name\":\"mhd03_TYT\",\"x\":101},{\"frameY\":-2,\"y\":1,\"frameWidth\":102,\"frameHeight\":81,\"width\":100,\"height\":79,\"name\":\"mhd01_TYT\",\"frameX\":-1,\"x\":101},{\"width\":81,\"y\":88,\"height\":94,\"name\":\"mhd04_TYT\",\"x\":1},{\"width\":98,\"y\":1,\"height\":85,\"name\":\"mhd02_TYT\",\"x\":1},{\"width\":21,\"y\":232,\"height\":28,\"name\":\"yj_TYT\",\"x\":1},{\"frameY\":0,\"y\":184,\"frameWidth\":42,\"frameHeight\":47,\"width\":42,\"height\":46,\"name\":\"bd_TYT\",\"frameX\":0,\"x\":1},{\"frameY\":-1,\"y\":184,\"frameWidth\":29,\"frameHeight\":29,\"width\":29,\"height\":27,\"name\":\"ys_TYT\",\"frameX\":0,\"x\":45},{\"frameY\":0,\"y\":242,\"frameWidth\":20,\"frameHeight\":19,\"width\":19,\"height\":19,\"name\":\"wb02_TYT\",\"frameX\":0,\"x\":47},{\"width\":18,\"y\":262,\"height\":24,\"name\":\"wb03_TYT\",\"x\":1}]}","_texture":{"__uuid__":"1fnYRNvz1J/oFDpQzV8hwU"},"texture":{"__uuid__":"1fnYRNvz1J/oFDpQzV8hwU"}}