{"__type__":"dragonBones.DragonBonesAsset","_name":"base_f_doudizhu_TX_TYT_ske","_dragonBonesJson":"{\"frameRate\":30,\"isGlobal\":0,\"armature\":[{\"ik\":[],\"type\":\"Armature\",\"frameRate\":30,\"animation\":[{\"frame\":[],\"ik\":[],\"bone\":[{\"translateFrame\":[{\"duration\":40}],\"rotateFrame\":[{\"duration\":40}],\"name\":\"lizi\",\"scaleFrame\":[{\"duration\":40}]},{\"translateFrame\":[{\"tweenEasing\":0,\"duration\":34},{\"tweenEasing\":0,\"duration\":6},{\"duration\":0}],\"rotateFrame\":[{\"tweenEasing\":0,\"duration\":34},{\"tweenEasing\":0,\"duration\":6},{\"duration\":0}],\"name\":\"qian\",\"scaleFrame\":[{\"tweenEasing\":0,\"duration\":34},{\"tweenEasing\":0,\"duration\":6},{\"duration\":0}]},{\"translateFrame\":[{\"tweenEasing\":0,\"duration\":34},{\"tweenEasing\":0,\"duration\":6},{\"duration\":0}],\"rotateFrame\":[{\"tweenEasing\":0,\"duration\":34},{\"tweenEasing\":0,\"duration\":6},{\"duration\":0}],\"name\":\"hou\",\"scaleFrame\":[{\"tweenEasing\":0,\"duration\":34},{\"tweenEasing\":0,\"duration\":6},{\"duration\":0}]},{\"translateFrame\":[],\"rotateFrame\":[],\"name\":\"root\",\"scaleFrame\":[]},{\"translateFrame\":[],\"rotateFrame\":[],\"name\":\"wangzha01\",\"scaleFrame\":[]}],\"ffd\":[],\"duration\":40,\"name\":\"Animation1\",\"slot\":[{\"colorFrame\":[{\"duration\":40}],\"displayFrame\":[{\"value\":-1,\"duration\":40}],\"name\":\"lizi\"},{\"colorFrame\":[{\"tweenEasing\":0,\"duration\":34},{\"tweenEasing\":0,\"duration\":6},{\"duration\":0,\"color\":{\"aM\":0}}],\"displayFrame\":[{\"duration\":34},{\"duration\":6},{\"duration\":0}],\"name\":\"qian\"},{\"colorFrame\":[{\"tweenEasing\":0,\"duration\":34},{\"tweenEasing\":0,\"duration\":6},{\"duration\":0,\"color\":{\"aM\":0}}],\"displayFrame\":[{\"duration\":34},{\"duration\":6},{\"duration\":0}],\"name\":\"hou\"},{\"colorFrame\":[],\"displayFrame\":[{\"value\":-1,\"duration\":16},{\"duration\":2},{\"value\":-1,\"duration\":22}],\"name\":\"ddz_00009\"},{\"colorFrame\":[],\"displayFrame\":[{\"value\":-1,\"duration\":4},{\"duration\":2},{\"value\":-1,\"duration\":34}],\"name\":\"ddz_00003\"},{\"colorFrame\":[],\"displayFrame\":[{\"value\":-1,\"duration\":6},{\"duration\":2},{\"value\":-1,\"duration\":32}],\"name\":\"ddz_00004\"},{\"colorFrame\":[],\"displayFrame\":[{\"value\":-1,\"duration\":22},{\"duration\":2},{\"value\":-1,\"duration\":16}],\"name\":\"ddz_00012\"},{\"colorFrame\":[],\"displayFrame\":[{\"value\":-1,\"duration\":30},{\"duration\":2},{\"value\":-1,\"duration\":8}],\"name\":\"ddz_00016\"},{\"colorFrame\":[],\"displayFrame\":[{\"value\":-1,\"duration\":28},{\"duration\":2},{\"value\":-1,\"duration\":10}],\"name\":\"ddz_00015\"},{\"colorFrame\":[],\"displayFrame\":[{\"value\":-1,\"duration\":2},{\"duration\":2},{\"value\":-1,\"duration\":36}],\"name\":\"ddz_00002\"},{\"colorFrame\":[],\"displayFrame\":[{\"value\":-1,\"duration\":14},{\"duration\":2},{\"value\":-1,\"duration\":24}],\"name\":\"ddz_00008\"},{\"colorFrame\":[],\"displayFrame\":[{\"value\":-1,\"duration\":38},{\"duration\":2},{\"value\":-1,\"duration\":0}],\"name\":\"ddz_00020\"},{\"colorFrame\":[],\"displayFrame\":[{\"value\":-1,\"duration\":12},{\"duration\":2},{\"value\":-1,\"duration\":26}],\"name\":\"ddz_00007\"},{\"colorFrame\":[],\"displayFrame\":[{\"value\":-1,\"duration\":24},{\"duration\":2},{\"value\":-1,\"duration\":14}],\"name\":\"ddz_00013\"},{\"colorFrame\":[],\"displayFrame\":[{\"value\":-1,\"duration\":10},{\"duration\":2},{\"value\":-1,\"duration\":28}],\"name\":\"ddz_00006\"},{\"colorFrame\":[],\"displayFrame\":[{\"value\":-1,\"duration\":8},{\"duration\":2},{\"value\":-1,\"duration\":30}],\"name\":\"ddz_00005\"},{\"colorFrame\":[],\"displayFrame\":[{\"value\":-1,\"duration\":26},{\"duration\":2},{\"value\":-1,\"duration\":12}],\"name\":\"ddz_00014\"},{\"colorFrame\":[],\"displayFrame\":[{\"value\":-1,\"duration\":32},{\"duration\":2},{\"value\":-1,\"duration\":6}],\"name\":\"ddz_00017\"},{\"colorFrame\":[],\"displayFrame\":[{\"duration\":2},{\"value\":-1,\"duration\":38}],\"name\":\"ddz_00001\"},{\"colorFrame\":[],\"displayFrame\":[{\"value\":-1,\"duration\":34},{\"duration\":2},{\"value\":-1,\"duration\":4}],\"name\":\"ddz_00018\"},{\"colorFrame\":[],\"displayFrame\":[{\"value\":-1,\"duration\":18},{\"duration\":2},{\"value\":-1,\"duration\":20}],\"name\":\"ddz_00010\"},{\"colorFrame\":[],\"displayFrame\":[{\"value\":-1,\"duration\":20},{\"duration\":2},{\"value\":-1,\"duration\":18}],\"name\":\"ddz_00011\"},{\"colorFrame\":[],\"displayFrame\":[{\"value\":-1,\"duration\":36},{\"duration\":2},{\"value\":-1,\"duration\":2}],\"name\":\"ddz_00019\"}],\"playTimes\":0}],\"aabb\":{\"width\":308.1112,\"y\":-223.1874,\"height\":314.9999,\"x\":-154.1616},\"skin\":[{\"name\":\"\",\"slot\":[{\"display\":[{\"path\":\"ddz_00013\",\"type\":\"image\",\"name\":\"ddz_00013\",\"transform\":{\"skX\":90,\"skY\":90}}],\"name\":\"ddz_00013\"},{\"display\":[{\"path\":\"ddz_00002\",\"type\":\"image\",\"name\":\"ddz_00002\",\"transform\":{\"skX\":90,\"skY\":90}}],\"name\":\"ddz_00002\"},{\"display\":[{\"path\":\"base_f_doudizhu02_TX_TYT\",\"type\":\"image\",\"name\":\"base_f_doudizhu02_TX_TYT\",\"transform\":{}}],\"name\":\"hou\"},{\"display\":[{\"path\":\"ddz_00020\",\"type\":\"image\",\"name\":\"ddz_00020\",\"transform\":{\"skX\":90,\"skY\":90}}],\"name\":\"ddz_00020\"},{\"display\":[{\"path\":\"ddz_00003\",\"type\":\"image\",\"name\":\"ddz_00003\",\"transform\":{\"skX\":90,\"skY\":90}}],\"name\":\"ddz_00003\"},{\"display\":[{\"path\":\"ddz_00011\",\"type\":\"image\",\"name\":\"ddz_00011\",\"transform\":{\"skX\":90,\"skY\":90}}],\"name\":\"ddz_00011\"},{\"display\":[{\"path\":\"ddz_00001\",\"type\":\"image\",\"name\":\"ddz_00001\",\"transform\":{\"skX\":90,\"skY\":90}}],\"name\":\"ddz_00001\"},{\"display\":[{\"path\":\"ddz_00005\",\"type\":\"image\",\"name\":\"ddz_00005\",\"transform\":{\"skX\":90,\"skY\":90}}],\"name\":\"ddz_00005\"},{\"display\":[{\"path\":\"ddz_00014\",\"type\":\"image\",\"name\":\"ddz_00014\",\"transform\":{\"skX\":90,\"skY\":90}}],\"name\":\"ddz_00014\"},{\"display\":[{\"path\":\"ddz_00007\",\"type\":\"image\",\"name\":\"ddz_00007\",\"transform\":{\"skX\":90,\"skY\":90}}],\"name\":\"ddz_00007\"},{\"display\":[{\"path\":\"ddz_00017\",\"type\":\"image\",\"name\":\"ddz_00017\",\"transform\":{\"skX\":90,\"skY\":90}}],\"name\":\"ddz_00017\"},{\"display\":[{\"path\":\"ddz_00015\",\"type\":\"image\",\"name\":\"ddz_00015\",\"transform\":{\"skX\":90,\"skY\":90}}],\"name\":\"ddz_00015\"},{\"display\":[{\"path\":\"ddz_00008\",\"type\":\"image\",\"name\":\"ddz_00008\",\"transform\":{\"skX\":90,\"skY\":90}}],\"name\":\"ddz_00008\"},{\"display\":[{\"path\":\"ddz_00004\",\"type\":\"image\",\"name\":\"ddz_00004\",\"transform\":{\"skX\":90,\"skY\":90}}],\"name\":\"ddz_00004\"},{\"display\":[{\"path\":\"base_f_doudizhu01_TX_TYT\",\"type\":\"image\",\"name\":\"base_f_doudizhu01_TX_TYT\",\"transform\":{}}],\"name\":\"qian\"},{\"display\":[{\"path\":\"ddz_00009\",\"type\":\"image\",\"name\":\"ddz_00009\",\"transform\":{\"skX\":90,\"skY\":90}}],\"name\":\"ddz_00009\"},{\"display\":[{\"path\":\"ddz_00006\",\"type\":\"image\",\"name\":\"ddz_00006\",\"transform\":{\"skX\":90,\"skY\":90}}],\"name\":\"ddz_00006\"},{\"display\":[{\"path\":\"ddz_00010\",\"type\":\"image\",\"name\":\"ddz_00010\",\"transform\":{\"skX\":90,\"skY\":90}}],\"name\":\"ddz_00010\"},{\"display\":[{\"path\":\"ddz_00018\",\"type\":\"image\",\"name\":\"ddz_00018\",\"transform\":{\"skX\":90,\"skY\":90}}],\"name\":\"ddz_00018\"},{\"display\":[{\"path\":\"ddz_00012\",\"type\":\"image\",\"name\":\"ddz_00012\",\"transform\":{\"skX\":90,\"skY\":90}}],\"name\":\"ddz_00012\"},{\"display\":[{\"path\":\"ddz_00016\",\"type\":\"image\",\"name\":\"ddz_00016\",\"transform\":{\"skX\":90,\"skY\":90}}],\"name\":\"ddz_00016\"},{\"display\":[{\"path\":\"ddz_00019\",\"type\":\"image\",\"name\":\"ddz_00019\",\"transform\":{\"skX\":90,\"skY\":90}}],\"name\":\"ddz_00019\"}]}],\"defaultActions\":[{\"gotoAndPlay\":\"Animation1\"}],\"name\":\"armatureName\",\"slot\":[{\"name\":\"hou\",\"parent\":\"hou\",\"color\":{}},{\"z\":1,\"name\":\"qian\",\"parent\":\"qian\",\"color\":{}},{\"displayIndex\":-1,\"z\":2,\"name\":\"lizi\",\"parent\":\"lizi\",\"color\":{}},{\"z\":3,\"name\":\"ddz_00009\",\"parent\":\"wangzha01\",\"color\":{}},{\"z\":4,\"name\":\"ddz_00003\",\"parent\":\"wangzha01\",\"color\":{}},{\"z\":5,\"name\":\"ddz_00004\",\"parent\":\"wangzha01\",\"color\":{}},{\"z\":6,\"name\":\"ddz_00012\",\"parent\":\"wangzha01\",\"color\":{}},{\"z\":7,\"name\":\"ddz_00016\",\"parent\":\"wangzha01\",\"color\":{}},{\"z\":8,\"name\":\"ddz_00015\",\"parent\":\"wangzha01\",\"color\":{}},{\"z\":9,\"name\":\"ddz_00002\",\"parent\":\"wangzha01\",\"color\":{}},{\"z\":10,\"name\":\"ddz_00008\",\"parent\":\"wangzha01\",\"color\":{}},{\"z\":11,\"name\":\"ddz_00020\",\"parent\":\"wangzha01\",\"color\":{}},{\"z\":12,\"name\":\"ddz_00007\",\"parent\":\"wangzha01\",\"color\":{}},{\"z\":13,\"name\":\"ddz_00013\",\"parent\":\"wangzha01\",\"color\":{}},{\"z\":14,\"name\":\"ddz_00006\",\"parent\":\"wangzha01\",\"color\":{}},{\"z\":15,\"name\":\"ddz_00005\",\"parent\":\"wangzha01\",\"color\":{}},{\"z\":16,\"name\":\"ddz_00014\",\"parent\":\"wangzha01\",\"color\":{}},{\"z\":17,\"name\":\"ddz_00017\",\"parent\":\"wangzha01\",\"color\":{}},{\"z\":18,\"name\":\"ddz_00001\",\"parent\":\"wangzha01\",\"color\":{}},{\"z\":19,\"name\":\"ddz_00019\",\"parent\":\"wangzha01\",\"color\":{}},{\"z\":20,\"name\":\"ddz_00018\",\"parent\":\"wangzha01\",\"color\":{}},{\"z\":21,\"name\":\"ddz_00010\",\"parent\":\"wangzha01\",\"color\":{}},{\"z\":22,\"name\":\"ddz_00011\",\"parent\":\"wangzha01\",\"color\":{}}],\"bone\":[{\"name\":\"root\",\"transform\":{}},{\"inheritScale\":false,\"transform\":{\"y\":-110.6874,\"x\":-0.0504},\"name\":\"hou\",\"parent\":\"root\"},{\"inheritScale\":false,\"transform\":{\"y\":-20.6875,\"x\":-0.1616},\"name\":\"qian\",\"parent\":\"root\"},{\"length\":86,\"transform\":{\"skX\":-89.3969,\"y\":-173.8028,\"skY\":-89.3969,\"scX\":2,\"scY\":2,\"x\":-507.9115},\"parent\":\"root\",\"inheritScale\":false,\"name\":\"lizi\"},{\"length\":293,\"transform\":{\"skX\":-90,\"y\":-94.4293,\"skY\":-90,\"scX\":1.7649,\"scY\":1.7649},\"parent\":\"root\",\"name\":\"wangzha01\"}]}],\"name\":\"base_f_doudizhu_TX_TYT\",\"version\":\"5.5\"}"}