{"__type__":"dragonBones.DragonBonesAsset","_name":"base_f_wifi_TX_TYT_ske","_dragonBonesJson":"{\"frameRate\":24,\"name\":\"base_f_wifi_TX_TYT\",\"version\":\"5.5\",\"compatibleVersion\":\"5.5\",\"armature\":[{\"type\":\"Armature\",\"frameRate\":24,\"name\":\"armatureName\",\"aabb\":{\"x\":-153.74,\"y\":-184.65,\"width\":308.08,\"height\":357.12},\"bone\":[{\"inheritScale\":false,\"name\":\"zhu\",\"transform\":{\"x\":-187.244,\"y\":26.8132}},{\"inheritScale\":false,\"length\":26,\"name\":\"02\",\"parent\":\"zhu\",\"transform\":{\"x\":89.149,\"y\":52.6909,\"skX\":-88.8542,\"skY\":-88.8542}},{\"inheritScale\":false,\"length\":41,\"name\":\"03\",\"parent\":\"zhu\",\"transform\":{\"x\":50.728,\"y\":56.3751,\"skX\":-90,\"skY\":-90}},{\"inheritScale\":false,\"length\":39,\"name\":\"hou\",\"parent\":\"zhu\",\"transform\":{\"x\":189.0139,\"y\":-118.085}},{\"inheritScale\":false,\"length\":37,\"name\":\"di\",\"parent\":\"zhu\",\"transform\":{\"x\":133.3002,\"y\":147.3631,\"skX\":2.5638,\"skY\":2.5638}},{\"inheritScale\":false,\"length\":44,\"name\":\"01\",\"parent\":\"zhu\",\"transform\":{\"x\":102.3069,\"y\":111.1119,\"skX\":-87.2737,\"skY\":-87.2737}},{\"inheritScale\":false,\"length\":39,\"name\":\"qian\",\"parent\":\"zhu\",\"transform\":{\"x\":189.0139,\"y\":59.7718,\"skX\":-5.1944,\"skY\":-5.1944}},{\"inheritScale\":false,\"length\":62,\"name\":\"lizi\",\"parent\":\"zhu\",\"transform\":{\"x\":182.5336,\"y\":2.7103,\"skX\":1.1458,\"skY\":1.1458,\"scX\":1.6,\"scY\":1.6}},{\"length\":247,\"name\":\"lizi003\",\"parent\":\"zhu\",\"transform\":{\"x\":187,\"y\":-110.46,\"skX\":-90,\"skY\":-90,\"scX\":1.6763,\"scY\":1.6763}}],\"slot\":[{\"name\":\"di\",\"parent\":\"di\"},{\"name\":\"01\",\"parent\":\"01\"},{\"name\":\"02\",\"parent\":\"02\"},{\"name\":\"03\",\"parent\":\"03\"},{\"name\":\"hou\",\"parent\":\"hou\"},{\"name\":\"qian\",\"parent\":\"qian\"},{\"displayIndex\":-1,\"name\":\"lizi\",\"parent\":\"lizi\"},{\"displayIndex\":-1,\"name\":\"zhu\",\"parent\":\"zhu\"},{\"name\":\"xh_00010\",\"parent\":\"lizi003\"},{\"name\":\"xh_00001\",\"parent\":\"lizi003\"},{\"name\":\"xh_00013\",\"parent\":\"lizi003\"},{\"name\":\"xh_00003\",\"parent\":\"lizi003\"},{\"name\":\"xh_00009\",\"parent\":\"lizi003\"},{\"name\":\"xh_00016\",\"parent\":\"lizi003\"},{\"name\":\"xh_00008\",\"parent\":\"lizi003\"},{\"name\":\"xh_00002\",\"parent\":\"lizi003\"},{\"name\":\"xh_00012\",\"parent\":\"lizi003\"},{\"name\":\"xh_00011\",\"parent\":\"lizi003\"},{\"name\":\"xh_00007\",\"parent\":\"lizi003\"},{\"name\":\"xh_00015\",\"parent\":\"lizi003\"},{\"name\":\"xh_00006\",\"parent\":\"lizi003\"},{\"name\":\"xh_00004\",\"parent\":\"lizi003\"},{\"name\":\"xh_00014\",\"parent\":\"lizi003\"},{\"name\":\"xh_00019\",\"parent\":\"lizi003\"},{\"name\":\"xh_00018\",\"parent\":\"lizi003\"},{\"name\":\"xh_00020\",\"parent\":\"lizi003\"},{\"name\":\"xh_00005\",\"parent\":\"lizi003\"},{\"name\":\"xh_00017\",\"parent\":\"lizi003\"}],\"skin\":[{\"slot\":[{\"name\":\"01\",\"display\":[{\"name\":\"base_f_wifi01_TX_TYT\",\"transform\":{\"x\":16.1,\"y\":1.79,\"skX\":87.27,\"skY\":117.77,\"scX\":1.15}}]},{\"name\":\"xh_00013\",\"display\":[{\"name\":\"xh_00013\",\"transform\":{\"skX\":90,\"skY\":90}}]},{\"name\":\"hou\",\"display\":[{\"name\":\"base_f_wifi06_TX_TYT\",\"transform\":{\"x\":-1.43,\"y\":28.14}}]},{\"name\":\"xh_00002\",\"display\":[{\"name\":\"xh_00002\",\"transform\":{\"skX\":90,\"skY\":90}}]},{\"name\":\"lizi\"},{\"name\":\"di\",\"display\":[{\"name\":\"base_f_wifi04_TX_TYT\",\"transform\":{\"x\":-25.69,\"y\":-64.12,\"skX\":-2.56,\"skY\":27.94,\"scX\":1.15}}]},{\"name\":\"xh_00003\",\"display\":[{\"name\":\"xh_00003\",\"transform\":{\"skX\":90,\"skY\":90}}]},{\"name\":\"xh_00012\",\"display\":[{\"name\":\"xh_00012\",\"transform\":{\"skX\":90,\"skY\":90}}]},{\"name\":\"xh_00007\",\"display\":[{\"name\":\"xh_00007\",\"transform\":{\"skX\":90,\"skY\":90}}]},{\"name\":\"xh_00016\",\"display\":[{\"name\":\"xh_00016\",\"transform\":{\"skX\":90,\"skY\":90}}]},{\"name\":\"03\",\"display\":[{\"name\":\"base_f_wifi03_TX_TYT\",\"transform\":{\"x\":-17.66,\"y\":56.14,\"skX\":90,\"skY\":120.5,\"scX\":1.15}}]},{\"name\":\"xh_00008\",\"display\":[{\"name\":\"xh_00008\",\"transform\":{\"skX\":90,\"skY\":90}}]},{\"name\":\"xh_00020\",\"display\":[{\"name\":\"xh_00020\",\"transform\":{\"skX\":90,\"skY\":90}}]},{\"name\":\"xh_00017\",\"display\":[{\"name\":\"xh_00017\",\"transform\":{\"skX\":90,\"skY\":90}}]},{\"name\":\"xh_00006\",\"display\":[{\"name\":\"xh_00006\",\"transform\":{\"skX\":90,\"skY\":90}}]},{\"name\":\"xh_00010\",\"display\":[{\"name\":\"xh_00010\",\"transform\":{\"skX\":90,\"skY\":90}}]},{\"name\":\"xh_00004\",\"display\":[{\"name\":\"xh_00004\",\"transform\":{\"skX\":90,\"skY\":90}}]},{\"name\":\"qian\",\"display\":[{\"name\":\"base_f_wifi05_TX_TYT\",\"transform\":{\"x\":3.94,\"y\":-59.17,\"skX\":5.19,\"skY\":5.19}}]},{\"name\":\"xh_00011\",\"display\":[{\"name\":\"xh_00011\",\"transform\":{\"skX\":90,\"skY\":90}}]},{\"name\":\"xh_00005\",\"display\":[{\"name\":\"xh_00005\",\"transform\":{\"skX\":90,\"skY\":90}}]},{\"name\":\"02\",\"display\":[{\"name\":\"base_f_wifi02_TX_TYT\",\"transform\":{\"x\":-21,\"y\":17.6,\"skX\":88.85,\"skY\":119.35,\"scX\":1.15}}]},{\"name\":\"xh_00014\",\"display\":[{\"name\":\"xh_00014\",\"transform\":{\"skX\":90,\"skY\":90}}]},{\"name\":\"xh_00009\",\"display\":[{\"name\":\"xh_00009\",\"transform\":{\"skX\":90,\"skY\":90}}]},{\"name\":\"xh_00001\",\"display\":[{\"name\":\"xh_00001\",\"transform\":{\"skX\":90,\"skY\":90}}]},{\"name\":\"xh_00015\",\"display\":[{\"name\":\"xh_00015\",\"transform\":{\"skX\":90,\"skY\":90}}]},{\"name\":\"xh_00018\",\"display\":[{\"name\":\"xh_00018\",\"transform\":{\"skX\":90,\"skY\":90}}]},{\"name\":\"xh_00019\",\"display\":[{\"name\":\"xh_00019\",\"transform\":{\"skX\":90,\"skY\":90}}]}]}],\"animation\":[{\"duration\":40,\"name\":\"Animation1\",\"slot\":[{\"name\":\"hou\",\"colorFrame\":[{\"duration\":34,\"tweenEasing\":0},{\"duration\":6,\"tweenEasing\":0},{\"duration\":0,\"value\":{\"aM\":0}}]},{\"name\":\"03\",\"displayFrame\":[{\"duration\":3,\"value\":-1},{\"duration\":10},{\"duration\":4,\"value\":-1},{\"duration\":11},{\"duration\":4,\"value\":-1},{\"duration\":8},{\"duration\":0,\"value\":-1}],\"colorFrame\":[{\"duration\":3,\"tweenEasing\":0,\"value\":{\"aM\":0}},{\"duration\":4,\"tweenEasing\":0,\"value\":{\"aM\":0}},{\"tweenEasing\":0},{\"duration\":4,\"tweenEasing\":0},{\"duration\":5,\"tweenEasing\":0,\"value\":{\"aM\":0}},{\"duration\":5,\"tweenEasing\":0,\"value\":{\"aM\":0}},{\"tweenEasing\":0},{\"duration\":4,\"tweenEasing\":0},{\"duration\":5,\"tweenEasing\":0,\"value\":{\"aM\":0}},{\"duration\":3,\"tweenEasing\":0,\"value\":{\"aM\":0}},{\"tweenEasing\":0},{\"duration\":3,\"tweenEasing\":0},{\"value\":{\"aM\":0}}]},{\"name\":\"02\",\"displayFrame\":[{\"duration\":10},{\"duration\":5,\"value\":-1},{\"duration\":10},{\"duration\":5,\"value\":-1},{\"duration\":8},{\"duration\":2,\"value\":-1}],\"colorFrame\":[{\"duration\":4,\"tweenEasing\":0,\"value\":{\"aM\":0}},{\"tweenEasing\":0},{\"duration\":4,\"tweenEasing\":0},{\"duration\":6,\"tweenEasing\":0,\"value\":{\"aM\":0}},{\"duration\":4,\"tweenEasing\":0,\"value\":{\"aM\":0}},{\"tweenEasing\":0},{\"duration\":4,\"tweenEasing\":0},{\"duration\":6,\"tweenEasing\":0,\"value\":{\"aM\":0}},{\"duration\":3,\"tweenEasing\":0,\"value\":{\"aM\":0}},{\"tweenEasing\":0},{\"duration\":3,\"tweenEasing\":0},{\"duration\":3,\"value\":{\"aM\":0}}]},{\"name\":\"qian\",\"colorFrame\":[{\"duration\":36,\"tweenEasing\":0},{\"duration\":4,\"tweenEasing\":0},{\"duration\":0,\"value\":{\"aM\":0}}]},{\"name\":\"xh_00010\",\"displayFrame\":[{\"duration\":18,\"value\":-1},{\"duration\":2},{\"duration\":20,\"value\":-1}]},{\"name\":\"xh_00001\",\"displayFrame\":[{\"duration\":2},{\"duration\":38,\"value\":-1}]},{\"name\":\"xh_00013\",\"displayFrame\":[{\"duration\":24,\"value\":-1},{\"duration\":2},{\"duration\":14,\"value\":-1}]},{\"name\":\"xh_00003\",\"displayFrame\":[{\"duration\":4,\"value\":-1},{\"duration\":2},{\"duration\":34,\"value\":-1}]},{\"name\":\"xh_00009\",\"displayFrame\":[{\"duration\":16,\"value\":-1},{\"duration\":2},{\"duration\":22,\"value\":-1}]},{\"name\":\"xh_00016\",\"displayFrame\":[{\"duration\":30,\"value\":-1},{\"duration\":2},{\"duration\":8,\"value\":-1}]},{\"name\":\"xh_00008\",\"displayFrame\":[{\"duration\":14,\"value\":-1},{\"duration\":2},{\"duration\":24,\"value\":-1}]},{\"name\":\"xh_00002\",\"displayFrame\":[{\"duration\":2,\"value\":-1},{\"duration\":2},{\"duration\":36,\"value\":-1}]},{\"name\":\"xh_00012\",\"displayFrame\":[{\"duration\":22,\"value\":-1},{\"duration\":2},{\"duration\":16,\"value\":-1}]},{\"name\":\"xh_00011\",\"displayFrame\":[{\"duration\":20,\"value\":-1},{\"duration\":2},{\"duration\":18,\"value\":-1}]},{\"name\":\"xh_00007\",\"displayFrame\":[{\"duration\":12,\"value\":-1},{\"duration\":2},{\"duration\":26,\"value\":-1}]},{\"name\":\"xh_00015\",\"displayFrame\":[{\"duration\":28,\"value\":-1},{\"duration\":2},{\"duration\":10,\"value\":-1}]},{\"name\":\"xh_00006\",\"displayFrame\":[{\"duration\":10,\"value\":-1},{\"duration\":2},{\"duration\":28,\"value\":-1}]},{\"name\":\"xh_00004\",\"displayFrame\":[{\"duration\":6,\"value\":-1},{\"duration\":2},{\"duration\":32,\"value\":-1}]},{\"name\":\"xh_00014\",\"displayFrame\":[{\"duration\":26,\"value\":-1},{\"duration\":2},{\"duration\":12,\"value\":-1}]},{\"name\":\"xh_00019\",\"displayFrame\":[{\"duration\":36,\"value\":-1},{\"duration\":2},{\"duration\":2,\"value\":-1}]},{\"name\":\"xh_00018\",\"displayFrame\":[{\"duration\":34,\"value\":-1},{\"duration\":2},{\"duration\":4,\"value\":-1}]},{\"name\":\"xh_00020\",\"displayFrame\":[{\"duration\":38,\"value\":-1},{\"duration\":2},{\"duration\":0,\"value\":-1}]},{\"name\":\"xh_00005\",\"displayFrame\":[{\"duration\":8,\"value\":-1},{\"duration\":2},{\"duration\":30,\"value\":-1}]},{\"name\":\"xh_00017\",\"displayFrame\":[{\"duration\":32,\"value\":-1},{\"duration\":2},{\"duration\":6,\"value\":-1}]}]}],\"defaultActions\":[{\"gotoAndPlay\":\"Animation1\"}]}]}"}