{"__type__":"dragonBones.DragonBonesAtlasAsset","_name":"base_f_wifi_TX_TYT_tex","_atlasJson":"{\"width\":512,\"imagePath\":\"base_f_wifi_TX_TYT_tex.png\",\"height\":1024,\"name\":\"base_f_wifi_TX_TYT\",\"SubTexture\":[{\"width\":154,\"y\":138,\"height\":127,\"name\":\"base_f_wifi04_TX_TYT\",\"x\":311},{\"width\":31,\"y\":484,\"height\":65,\"name\":\"base_f_wifi01_TX_TYT\",\"x\":455},{\"width\":53,\"y\":1,\"height\":37,\"name\":\"base_f_wifi02_TX_TYT\",\"x\":458},{\"width\":80,\"y\":267,\"height\":55,\"name\":\"base_f_wifi03_TX_TYT\",\"x\":406},{\"width\":308,\"y\":130,\"height\":127,\"name\":\"base_f_wifi06_TX_TYT\",\"x\":1},{\"width\":308,\"y\":1,\"height\":127,\"name\":\"base_f_wifi05_TX_TYT\",\"x\":1},{\"y\":472,\"frameWidth\":185,\"x\":1,\"frameHeight\":202,\"width\":148,\"frameY\":-80,\"height\":74,\"name\":\"xh_00010\",\"frameX\":-21},{\"y\":379,\"frameWidth\":185,\"x\":269,\"frameHeight\":202,\"width\":14,\"frameY\":-149,\"height\":14,\"name\":\"xh_00001\",\"frameX\":-11},{\"y\":259,\"frameWidth\":185,\"x\":1,\"frameHeight\":202,\"width\":146,\"frameY\":-54,\"height\":126,\"name\":\"xh_00013\",\"frameX\":-23},{\"y\":557,\"frameWidth\":185,\"x\":378,\"frameHeight\":202,\"width\":111,\"frameY\":-127,\"height\":49,\"name\":\"xh_00003\",\"frameX\":-12},{\"y\":412,\"frameWidth\":185,\"x\":154,\"frameHeight\":202,\"width\":149,\"frameY\":-87,\"height\":78,\"name\":\"xh_00009\",\"frameX\":-20},{\"y\":548,\"frameWidth\":185,\"x\":1,\"frameHeight\":202,\"width\":107,\"frameY\":-79,\"height\":88,\"name\":\"xh_00016\",\"frameX\":-62},{\"y\":387,\"frameWidth\":185,\"x\":1,\"frameHeight\":202,\"width\":151,\"frameY\":-93,\"height\":83,\"name\":\"xh_00008\",\"frameX\":-18},{\"y\":659,\"frameWidth\":185,\"x\":334,\"frameHeight\":202,\"width\":111,\"frameY\":-133,\"height\":24,\"name\":\"xh_00002\",\"frameX\":-12},{\"y\":259,\"frameWidth\":185,\"x\":149,\"frameHeight\":202,\"width\":147,\"frameY\":-67,\"height\":118,\"name\":\"xh_00012\",\"frameX\":-22},{\"y\":484,\"frameWidth\":185,\"x\":305,\"frameHeight\":202,\"width\":148,\"frameY\":-74,\"height\":71,\"name\":\"xh_00011\",\"frameX\":-21},{\"y\":412,\"frameWidth\":185,\"x\":305,\"frameHeight\":202,\"width\":152,\"frameY\":-100,\"height\":70,\"name\":\"xh_00007\",\"frameX\":-17},{\"y\":267,\"frameWidth\":185,\"x\":298,\"frameHeight\":202,\"width\":106,\"frameY\":-28,\"height\":143,\"name\":\"xh_00015\",\"frameX\":-63},{\"y\":557,\"frameWidth\":185,\"x\":261,\"frameHeight\":202,\"width\":115,\"frameY\":-107,\"height\":70,\"name\":\"xh_00006\",\"frameX\":-16},{\"y\":608,\"frameWidth\":185,\"x\":378,\"frameHeight\":202,\"width\":110,\"frameY\":-120,\"height\":49,\"name\":\"xh_00004\",\"frameX\":-13},{\"y\":1,\"frameWidth\":185,\"x\":311,\"frameHeight\":202,\"width\":145,\"frameY\":-41,\"height\":135,\"name\":\"xh_00014\",\"frameX\":-24},{\"y\":632,\"frameWidth\":185,\"x\":110,\"frameHeight\":202,\"width\":111,\"frameY\":-56,\"height\":40,\"name\":\"xh_00019\",\"frameX\":-58},{\"y\":629,\"frameWidth\":185,\"x\":223,\"frameHeight\":202,\"width\":109,\"frameY\":-65,\"height\":37,\"name\":\"xh_00018\",\"frameX\":-60},{\"y\":379,\"frameWidth\":185,\"x\":154,\"frameHeight\":202,\"width\":113,\"frameY\":-47,\"height\":30,\"name\":\"xh_00020\",\"frameX\":-56},{\"y\":583,\"frameWidth\":185,\"x\":110,\"frameHeight\":202,\"width\":109,\"frameY\":-114,\"height\":47,\"name\":\"xh_00005\",\"frameX\":-14},{\"y\":492,\"frameWidth\":185,\"x\":151,\"frameHeight\":202,\"width\":108,\"frameY\":-74,\"height\":89,\"name\":\"xh_00017\",\"frameX\":-61}]}","_texture":{"__uuid__":"b5+4zj6WhE7L7ySz5sYK36"},"texture":{"__uuid__":"b5+4zj6WhE7L7ySz5sYK36"}}